angDist,_RAJ2000,_DEJ2000,objName,S09,e_S09,q_S09,S18,e_S18,q_S18,Nd09,Nd18,X09,X18,RAJ2000,DEJ2000,Cohen,IRAS PSC,IRAS FSC,Name,HR #,HD #,SpectralTypes,12[Jy],25[Jy],12[Jy],25[Jy],R.A.,Decl.,CommentOnSIMBAD,R.A.(h),R.A.(m),R.A.(s),Decl.(deg),Decl.(m),Decl.(s),ra,dec
1.109893,11.83443,24.26698,0047202+241601,16.36,0.483,3,3.526,0.0989,3,0,0,0,0,11.83443,24.26698,HD4502,00446+2359,F00446+2359,ZET AND,HR 215,HD 4502,K1IIe,12.36,2.847,12.9,2.92,00 47 20.3254,+24 16 01.841,Eclipsing binary of beta Lyr type,0,47,20.3254,24,16,1.841,11.83468917,24.26717806
1.136347,24.49839,48.62794,0137596+483740,30.95,0.155,3,6.623,0.0379,3,0,0,0,0,24.49839,48.62794,HD9927,01349+4822,F01349+4822,51 AND,HR 464,HD 9927,K3-III,23.19,5.216,22.0,5.27,01 37 59.5561,+48 37 41.567,Star,1,37,59.5561,48,37,41.567,24.49815042,48.62821306
0.055582,60.79409,8.88265,0403105+085257,8.115,0.0423,3,1.84,0.051,3,0,0,0,0,60.79409,8.88265,HD25477,04004+0844,F04004+0844,,,HD 25477,K5III,6.254,1.474,6.26,1.44,04 03 10.5851,+08 52 57.520,Star,4,3,10.5851,8,52,57.52,60.79410458,8.882644444
0.435346,106.41273,9.1858,0705390+091108,8.579,0.0362,3,1.959,0.0288,3,0,0,0,0,106.41273,9.1858,HD53510,07029+0915,Z07029+0915,,HR 2663,HD 53510,M0III,6.074,1.505,6.22,1.56,07 05 39.0258,+09 11 08.881,Star,7,5,39.0258,9,11,8.881,106.4126075,9.185800278
0.122723,106.44689,31.39325,0705472+312335,8.863,0.028,3,2.044,0.0225,3,0,0,0,0,106.44689,31.39325,HD53287,07025+3128,F07025+3128,,,HD 53287,M0III,6.625,1.627,6.43,1.72,07 05 47.2485,+31 23 35.804,Star,7,5,47.2485,31,23,35.804,106.4468688,31.39327889
0.246670,100.12011,77.99573,0640288+775944,7.218,0.0149,3,1.682,0.0215,3,0,0,0,0,100.12011,77.99573,HD45866,06327+7802,F06327+7802,,HR 2363,HD 45866,K5III,5.322,1.327,5.45,1.34,06 40 28.8772,+77 59 44.817,Star,6,40,28.8772,77,59,44.817,100.1203217,77.9957825
0.848297,137.09746,66.87308,0908233+665223,14.46,0.0709,3,3.225,0.026,3,0,0,0,0,137.09746,66.87308,HD77800,09040+6704,F09040+6704,SIG 1 UMA,HR 3609,HD 77800,K5III,10.76,2.63,11.3,2.65,09 08 23.4990,+66 52 23.645,Star,9,8,23.499,66,52,23.645,137.0979125,66.87323472
0.452248,49.68255,34.22277,0318438+341321,15.21,0.114,3,3.389,0.03,3,0,0,0,0,49.68255,34.22277,HD20468,03155+3402,F03155+3402,,HR 991,HD 20468,K2IIb,11.0,2.655,10.7,2.65,03 18 43.8249,+34 13 21.549,Star,3,18,43.8249,34,13,21.549,49.68260375,34.2226525
1.371815,79.54421,33.37126,0518106+332216,16.04,0.586,3,3.342,0.033,3,0,0,0,0,79.54421,33.37126,HD34334,05149+3319,Z05149+3319,16 AUR,HR 1726,HD 34334,K2.5III,11.56,2.7,12.3,2.65,05 18 10.5690,+33 22 17.806,Spectroscopic binary,5,18,10.569,33,22,17.806,79.5440375,33.37161278
0.496425,25.0545,53.86815,0140130+535205,7.155,0.0315,3,1.652,0.0359,3,0,0,0,0,25.0545,53.86815,HD10110,01370+5336,Z01370+5336,,HR 470,HD 10110,K5III,5.198,1.365,5.13,1.43,01 40 13.1011,+53 52 05.800,Star,1,40,13.1011,53,52,5.8,25.05458792,53.86827778
1.678400,131.17116,18.15385,0844410+180913,15.52,0.1,3,3.388,0.0525,3,0,0,0,0,131.17116,18.15385,HD74442,08418+1820,F08418+1820,DEL CNC,HR 3461,HD 74442,K0IIIb,11.32,2.585,11.2,2.6,08 44 41.0996,+18 09 15.511,High proper-motion star,8,44,41.0996,18,9,15.511,131.1712483,18.15430861
0.668085,25.35792,5.48743,0141259+052914,19.9,0.0442,3,4.239,0.061,3,0,0,0,0,25.35792,5.48743,HD10380,01388+0514,F01388+0514,NUU PSC,HR 489,HD 10380,K3IIIb,13.93,3.389,14.1,3.43,01 41 25.8943,+05 29 15.409,Star,1,41,25.8943,5,29,15.409,25.35789292,5.487613611
0.620849,38.02591,36.14721,0232062+360849,13.78,0.0202,3,3.093,0.0394,3,0,0,0,0,38.02591,36.14721,HD15656,02290+3555,F02290+3555,14 TRI,HR 736,HD 15656,K5III,9.944,2.564,10.4,2.49,02 32 06.1705,+36 08 50.177,Star,2,32,6.1705,36,8,50.177,38.02571042,36.14727139
0.153607,149.9653,56.81178,0959516+564842,9.64,0.0105,3,2.131,0.0444,3,0,0,0,0,149.9653,56.81178,HD86378,09564+5703,F09564+5703,,HR 3939,HD 86378,K5III,7.074,1.773,6.91,1.76,09 59 51.6863,+56 48 42.507,Star,9,59,51.6863,56,48,42.507,149.9653596,56.8118075
0.357244,61.51313,68.68006,0406031+684048,8.829,0.0449,3,,,0,0,,0,,61.51313,68.68006,HD25274,04009+6832,F04009+6832,,HR 1241,HD 25274,K2III,6.643,1.666,6.63,1.68,04 06 03.1821,+68 40 47.901,Star,4,6,3.1821,68,40,47.901,61.51325875,68.6799725
0.259914,50.08481,29.04839,0320203+290254,29.45,0.0479,3,6.418,0.0794,3,0,0,0,0,50.08481,29.04839,HD20644,03173+2852,F03172+2852,,HR 999,HD 20644,K3IIIa,21.39,5.003,21.2,4.96,03 20 20.3608,+29 02 54.450,Star,3,20,20.3608,29,2,54.45,50.08483667,29.04845833
1.037274,125.7087,43.18785,0822500+431116,37.19,0.137,3,8.128,0.057,3,0,0,0,0,125.7087,43.18785,HD70272,08194+4320,F08193+4321,31 LYN,HR 3275,HD 70272,K4.5III,27.53,6.495,28.5,6.55,08 22 50.1096,+43 11 17.270,Variable star,8,22,50.1096,43,11,17.27,125.70879,43.18813056
0.302819,100.7706,44.52447,0643049+443128,15.29,0.0364,3,3.49,0.0629,3,0,0,0,0,100.7706,44.52447,HD47914,06394+4434,F06394+4434,PSI 4 AUR,HR 2459,HD 47914,K5III,10.48,2.572,11.1,2.71,06 43 04.9715,+44 31 28.020,Star,6,43,4.9715,44,31,28.02,100.7707146,44.52445
0.521847,13.75091,58.97264,0055002+585821,9.039,0.0745,3,2.011,0.0308,3,0,0,0,0,13.75091,58.97264,HD5234,00520+5842,Z00520+5842,UPS 1 CAS,HR 253,HD 5234,K2III,6.461,1.545,6.88,1.57,00 55 00.1565,+58 58 21.712,Star in double system,0,55,0.1565,58,58,21.712,13.75065208,58.97269778
0.240345,50.68845,20.74211,0322452+204431,7.537,0.0275,3,1.68,0.0441,3,0,0,0,0,50.68845,20.74211,HD20893,03198+2033,F03198+2033,TAU 2 ARI,HR 1015,HD 20893,K3III,5.72,1.304,5.58,1.29,03 22 45.2415,+20 44 31.448,Star,3,22,45.2415,20,44,31.448,50.68850625,20.74206889
0.747740,144.27066,81.32636,0937049+811934,24.23,0.1,3,5.356,0.03,3,0,0,0,0,144.27066,81.32636,HD81817,09301+8132,F09300+8133,SAO 1551,HR 3751,HD 81817,K3IIIa,17.64,4.357,18.4,4.35,09 37 05.2871,+81 19 34.975,Star,9,37,5.2871,81,19,34.975,144.2720296,81.32638194
1.156686,87.76029,37.30527,0551024+371818,36.76,0.194,3,8.128,0.0447,3,0,0,0,0,87.76029,37.30527,HD38944,05476+3717,Z05476+3717,UPS AUR,HR 2011,HD 38944,M0III,26.56,6.493,26.7,6.79,05 51 02.4374,+37 18 20.063,Variable star,5,51,2.4374,37,18,20.063,87.76015583,37.30557306
0.867125,100.99701,13.22778,0643592+131340,11.63,0.0654,3,2.561,0.0214,3,0,0,0,0,100.99701,13.22778,HD48433,06411+1316,Z06411+1316,30 GEM,HR 2478,HD 48433,K0.5III,8.245,1.959,8.48,1.99,06 43 59.2927,+13 13 40.862,Star in double system,6,43,59.2927,13,13,40.862,100.9970529,13.22801722
0.438562,14.18556,26.34006,0056445+262024,10.95,0.0741,3,2.622,0.047,3,0,0,0,0,14.18556,26.34006,HD5462,00540+2604,F00540+2604,,,HD 5462,M0III,8.196,2.127,8.26,2.15,00 56 44.5058,+26 20 24.005,Semi-regular pulsating star,0,56,44.5058,26,20,24.005,14.18544083,26.34000139
0.915875,182.74822,81.70989,1210595+814235,7.124,0.0162,3,1.687,0.0166,3,0,0,0,0,182.74822,81.70989,HD105943,12087+8159,F12087+8159,SAO 1991,HR 4639,HD 105943,K5III,5.329,1.335,5.37,1.28,12 10 59.9853,+81 42 35.397,Star in double system,12,10,59.9853,81,42,35.397,182.7499388,81.7098325
0.474520,87.87247,39.14835,0551293+390854,16.14,0.0333,3,3.512,0.058,3,0,0,0,0,87.87247,39.14835,HD39003,05480+3908,Z05480+3908,NUU AUR,HR 2012,HD 39003,K0III,11.88,2.548,11.7,2.63,05 51 29.3990,+39 08 54.529,Star in double system,5,51,29.399,39,8,54.529,87.87249583,39.14848028
0.315471,62.74598,33.58672,0410590+333512,6.937,0.0418,3,1.55,0.0174,3,0,0,0,0,62.74598,33.58672,HD26311,04077+3327,F04077+3327,,HR 1286,HD 26311,K1II-III,5.081,1.287,5.0,1.31,04 10 59.0209,+33 35 12.452,Star,4,10,59.0209,33,35,12.452,62.74592042,33.58679222
0.364268,113.98056,26.89565,0735553+265344,49.48,0.564,3,13.97,3.1,3,0,0,0,0,113.98056,26.89565,HD60522,07328+2700,F07328+2700,UPS GEM,HR 2905,HD 60522,M0III-IIIb,36.43,8.48,35.5,8.28,07 35 55.3464,+26 53 44.667,Variable star,7,35,55.3464,26,53,44.667,113.98061,26.89574083
1.075391,144.61345,4.64913,0938272+043856,15.45,0.0489,3,3.47,0.0723,3,0,0,0,0,144.61345,4.64913,HD83425,09358+0452,F09358+0452,,HR 3834,HD 83425,K3III,11.08,2.508,10.9,2.63,09 38 27.2883,+04 38 57.454,Star,9,38,27.2883,4,38,57.454,144.6137013,4.649292778
0.078111,88.11014,1.85514,0552264+015118,12.95,0.0486,3,2.907,0.0329,3,0,0,0,0,88.11014,1.85514,HD39400,05498+0150,F05498+0150,56 ORI,HR 2037,HD 39400,K1.5IIb,10.81,2.343,10.7,2.47,05 52 26.4386,+01 51 18.482,Variable star,5,52,26.4386,1,51,18.482,88.11016083,1.855133889
0.244326,120.04879,73.91786,0800117+735504,8.767,0.0329,3,1.986,0.0291,3,0,0,0,0,120.04879,73.91786,HD64307,07542+7403,F07543+7403,,HR 3075,HD 64307,K3III,6.442,1.592,6.33,1.63,08 00 11.7384,+73 55 04.509,Star,8,0,11.7384,73,55,4.509,120.04891,73.91791917
0.585480,126.39801,2.10206,0825355+020607,8.248,0.0456,3,1.859,0.0287,3,0,0,0,0,126.39801,2.10206,HD71095,08229+0215,F08229+0216,,HR 3305,HD 71095,K5III,6.077,1.59,6.04,1.55,08 25 35.5378,+02 06 07.954,Star,8,25,35.5378,2,6,7.954,126.3980742,2.102209444
0.561190,63.24357,32.53258,0412584+323157,6.778,0.0634,3,1.604,0.0596,3,0,0,0,0,63.24357,32.53258,HD26526,04097+3224,F04097+3224,,,HD 26526,M0III,5.191,1.283,5.21,1.33,04 12 58.4434,+32 31 57.823,Star,4,12,58.4434,32,31,57.823,63.24351417,32.53272861
0.500069,107.91386,39.32041,0711393+391913,15.46,0.161,3,3.438,0.0379,3,0,0,0,0,107.91386,39.32041,HD54716,07082+3924,F07082+3924,63 AUR,HR 2696,HD 54716,K3.5III,11.19,2.717,11.2,2.7,07 11 39.3257,+39 19 13.976,Star,7,11,39.3257,39,19,13.976,107.9138571,39.32054889
1.541023,176.51197,47.77957,1146028+474646,27.17,0.132,3,5.826,0.0755,3,0,0,0,0,176.51197,47.77957,HD102224,11434+4803,F11434+4803,CHI UMA,HR 4518,HD 102224,K2III,18.81,4.615,19.3,4.72,11 46 03.0140,+47 46 45.861,Variable star,11,46,3.014,47,46,45.861,176.5125583,47.77940583
0.528151,144.86597,67.2721,0939278+671619,,,0,1.811,0.0234,3,,0,,0,144.86597,67.2721,HD83126,09353+6729,F09353+6729,,HR 3824,HD 83126,M0III,5.795,1.426,5.87,1.5,09 39 27.8747,+67 16 20.029,Star,9,39,27.8747,67,16,20.029,144.8661446,67.27223028
1.533915,126.61532,27.89317,0826276+275335,7.079,0.0526,3,1.603,0.0855,3,0,0,0,0,126.61532,27.89317,HD71093,08234+2803,F08233+2803,PHI 1 CNC,HR 3304,HD 71093,K5III,5.207,1.368,5.22,1.31,08 26 27.7052,+27 53 36.899,Star in double system,8,26,27.7052,27,53,36.899,126.6154383,27.89358306
0.127758,81.24744,73.7072,0524593+734225,9.735,0.0033,3,2.29,0.0222,3,0,0,0,0,81.24744,73.7072,HD34450,05186+7339,F05186+7339,,,HD 34450,M0.5III,7.42,1.849,7.62,1.8,05 24 59.4159,+73 42 25.912,Star,5,24,59.4159,73,42,25.912,81.24756625,73.70719778
0.372037,138.80762,14.94147,0915138+145629,7.432,0.0388,3,1.635,0.0294,3,0,0,0,0,138.80762,14.94147,HD79554,09124+1509,F09124+1509,PI 2 CNC,HR 3669,HD 79554,K1III,5.509,1.229,5.49,1.27,09 15 13.8528,+14 56 29.424,Star,9,15,13.8528,14,56,29.424,138.80772,14.94150667
0.545450,15.7358,7.89,0102565+075324,9.748,0.049,3,2.144,0.0224,3,0,0,0,0,15.7358,7.89,HD6186,01003+0737,F01003+0737,EPS PSC,HR 294,HD 6186,K0III,7.131,1.833,7.14,1.84,01 02 56.6084,+07 53 24.488,Star,1,2,56.6084,7,53,24.488,15.73586833,7.890135556
0.307027,15.79131,53.14044,0103099+530825,12.15,0.0573,3,2.858,0.0572,3,0,0,0,0,15.79131,53.14044,HD6112,01002+5252,Z01001+5252,,,HD 6112,M0III,8.849,2.415,8.98,2.41,01 03 09.8811,+53 08 25.517,Variable Star,1,3,9.8811,53,8,25.517,15.79117125,53.14042139
0.076802,101.96521,2.41218,0647516+022443,9.504,0.0228,3,2.061,0.0281,3,0,0,0,0,101.96521,2.41218,HD49293,06452+0228,Z06452+0228,18 MON,HR 2506,HD 49293,K0+IIIa,7.054,1.625,7.25,1.7,06 47 51.6493,+02 24 43.773,Star,6,47,51.6493,2,24,43.773,101.9652054,2.412159167
0.365867,114.86916,17.67442,0739285+174027,22.31,0.261,3,5.124,0.0506,3,0,0,0,0,114.86916,17.67442,HD61338,07366+1747,F07365+1747,74 GEM,HR 2938,HD 61338,K5III,16.37,3.95,16.2,4.05,07 39 28.5925,+17 40 28.268,Variable star,7,39,28.5925,17,40,28.268,114.8691354,17.67451889
1.464208,138.95696,56.74109,0915496+564427,15.2,0.114,3,3.436,0.0179,3,0,0,0,0,138.95696,56.74109,HD79354,09121+5657,F09121+5656,17 UMA,HR 3660,HD 79354,K5III,11.81,2.787,11.5,2.77,09 15 49.7821,+56 44 29.064,Variable star,9,15,49.7821,56,44,29.064,138.9574254,56.74140667
0.415335,145.39643,31.27788,0941351+311640,10.83,0.0706,3,2.456,0.0363,3,0,0,0,0,145.39643,31.27788,HD83787,09386+3130,F09386+3130,,HR 3850,HD 83787,K6III,8.166,2.318,7.93,2.2,09 41 35.1160,+31 16.40.142 2000.0,variable star,9,41,35.116,31,16,40.1422,145.3963167,31.27781728
0.591052,120.56626,2.33465,0802159+022004,16.71,0.00198,3,3.636,0.0288,3,0,0,0,0,120.56626,2.33465,HD66141,07596+0228,F07596+0228,,HR 3145,HD 66141,K2IIIb,12.12,2.854,12.2,2.91,08 02 15.9369,+02 20 04.454,Star in double system,8,2,15.9369,2,20,4.454,120.5664038,2.334570556
0.232357,115.06114,38.34452,0740146+382040,12.33,0.108,3,2.837,0.0435,3,0,0,0,0,115.06114,38.34452,HD61294,07368+3827,F07368+3827,,HR 2935,HD 61294,M0III,9.12,2.276,9.11,2.36,07 40 14.6925,+38 20 40.339,Variable star,7,40,14.6925,38,20,40.339,115.0612188,38.34453861
0.302711,4.19024,10.24479,0016456+101441,19.2,0.0501,3,4.424,0.0542,3,0,0,0,0,4.19024,10.24479,HD1255,00141+0957,F00141+0958,,,HD 1255,M0III,13.87,3.552,13.7,3.53,00 16 45.6779,+10 14 41.201,Variable star,0,16,45.6779,10,14,41.201,4.190324583,10.24477806
0.568229,4.22495,49.46178,0016539+492742,13.03,0.0621,3,3.077,0.0429,3,0,0,0,0,4.22495,49.46178,HD1240,00142+4911,F00142+4911,,,HD 1240,M0III,9.54,2.481,9.88,2.48,00 16 53.9578,+49 27 42.894,Variable star,0,16,53.9578,49,27,42.894,4.224824167,49.461915
1.763707,41.97768,29.2468,0247546+291448,9.413,0.0198,3,2.043,0.0327,3,0,0,0,0,41.97768,29.2468,HD17361,02449+2902,F02449+2902,39 ARI,HR 824,HD 17361,K1.5III,6.57,1.596,6.64,1.62,02 47 54.5407,+29 14 49.625,Star,2,47,54.5407,29,14,49.625,41.97725292,29.24711806
0.456238,52.6437,47.99509,0330344+475942,21.4,0.0568,3,4.712,0.051,3,0,0,0,0,52.6437,47.99509,HD21552,03270+4749,Z03270+4749,SIG PER,HR 1052,HD 21552,K3III,16.02,3.8,16.1,3.73,03 30 34.4835,+47 59 42.778,Variable star,3,30,34.4835,47,59,42.778,52.64368125,47.99521611
0.767993,115.24361,23.01845,0740584+230106,7.581,0.0345,3,1.798,0.0236,3,0,0,0,0,115.24361,23.01845,HD61603,07379+2308,F07380+2307,,HR 2951,HD 61603,K5III,6.092,1.356,5.82,1.48,07 40 58.5183,+23 01 06.696,Star,7,40,58.5183,23,1,6.696,115.2438263,23.01852667
1.015310,74.09252,13.51446,0456222+133052,17.72,0.194,3,3.851,0.0205,3,0,0,0,0,74.09252,13.51446,HD31421,04535+1326,F04535+1326,OMI 2 ORI,HR 1580,HD 31421,K2-III,13.34,3.157,13.6,3.09,04 56 22.2744,+13 30 52.077,Star in double system,4,56,22.2744,13,30,52.077,74.09281,13.51446583
0.538621,74.24826,33.16617,0456595+330958,118.3,0.438,3,26.27,0.321,3,0,0,0,0,74.24826,33.16617,HD31398,04537+3305,Z04537+3305,IOTA AUR,HR 1577,HD 31398,K3II,87.21,20.31,87.3,20.6,04 56 59.6187,+33 09 57.925,Variable star,4,56,59.6187,33,9,57.925,74.24841125,33.16609028
1.287917,17.18225,86.25727,0108437+861526,14.97,0.0694,3,3.255,0.02,3,0,0,0,0,17.18225,86.25727,HD5848,01015+8559,F01015+8559,SAO 181,HR 285,HD 5848,K2II-III,10.78,2.601,11.2,2.57,01 08 44.8773,+86 15 25.525,Star,1,8,44.8773,86,15,25.525,17.18698875,86.25709028
0.947574,102.69149,41.78097,0650459+414651,8.269,0.0477,3,1.885,0.0481,3,0,0,0,0,102.69149,41.78097,HD49520,06472+4150,F06472+4150,PSI 7 AUR,HR 2516,HD 49520,K3III,6.284,1.395,6.24,1.45,06 50 45.9444,+41 46 52.428,Star in double system,6,50,45.9444,41,46,52.428,102.691435,41.78123
0.679938,42.87861,35.05958,0251308+350334,31.98,0.0658,3,6.969,0.0853,3,0,0,0,0,42.87861,35.05958,HD17709,02484+3451,F02484+3451,17 PER,HR 843,HD 17709,K5.5III,23.24,5.635,22.8,5.45,02 51 30.8375,+35 03 35.068,Variable star,2,51,30.8375,35,3,35.068,42.87848958,35.05974111
0.216104,5.14948,8.19025,0020358+081124,7.444,0.0305,3,1.702,0.00579,3,0,0,0,0,5.14948,8.19025,HD1635,00180+0754,F00180+0754,41 PSC,HR 80,HD 1635,K3-III,5.21,1.402,5.29,1.29,00 20 35.8616,+08 11 24.977,Variable star,0,20,35.8616,8,11,24.977,5.149423333,8.190271389
0.402395,5.1897,32.91108,0020455+325439,11.88,0.0451,3,2.721,0.0183,3,0,0,0,0,5.1897,32.91108,HD1632,00181+3238,F00181+3237,,HR 79,HD 1632,K5III,9.099,2.121,9.02,2.2,00 20 45.5182,+32 54 40.271,Star,0,20,45.5182,32,54,40.271,5.189659167,32.91118639
0.397931,65.31354,27.35014,0421152+272100,9.796,0.207,3,2.234,0.0451,3,0,0,0,0,65.31354,27.35014,HD27482,04181+2713,F04181+2713,,,HD 27482,K5III,7.11,1.703,6.43,1.77,04 21 15.2587,+27 21 00.883,Star,4,21,15.2587,27,21,0.883,65.31357792,27.35024528
1.265034,17.58113,25.45742,0110194+252726,7.532,0.0361,3,1.732,0.0127,3,0,0,0,0,17.58113,25.45742,HD6953,01075+2511,F01075+2511,,HR 341,HD 6953,K7III,5.337,1.358,5.28,1.35,01 10 19.4513,+25 27 27.948,Star,1,10,19.4513,25,27,27.948,17.58104708,25.45776333
1.276841,74.63717,1.71367,0458329+014249,17.51,0.0894,3,3.86,0.0307,3,0,0,0,0,74.63717,1.71367,HD31767,04559+0138,F04559+0138,PI 6 ORI,HR 1601,HD 31767,K2-II,12.93,3.103,12.8,3.08,04 58 32.9019,+01 42 50.457,Variable star,4,58,32.9019,1,42,50.457,74.63709125,1.714015833
1.959469,115.82817,28.88298,0743187+285258,14.51,0.0255,3,3.165,0.0507,3,0,0,0,0,115.82817,28.88298,HD62044,07401+2900,F07402+2900,SIG GEM,HR 2973,HD 62044,K1III,11.72,2.531,12.4,2.47,07 43 18.7265,+28 53 00.635,Variable of RS CVn type,7,43,18.7265,28,53,0.635,115.8280271,28.88350972
0.742511,102.9998,23.60156,0651599+233605,7.56,0.106,3,1.772,0.0522,3,0,0,0,0,102.9998,23.60156,HD49968,06489+2339,F06489+2339,,HR 2533,HD 49968,K5III,5.639,1.394,5.83,1.42,06 51 59.9867,+23 36 06.185,Star,6,51,59.9867,23,36,6.185,102.9999446,23.60171806
0.576017,127.89871,18.09445,0831356+180540,17.32,0.144,3,4.056,0.102,3,0,0,0,0,127.89871,18.09445,HD72094,08287+1815,F08287+1815,THE CNC,HR 3357,HD 72094,K5III,13.69,2.982,13.2,3.08,08 31 35.7301,+18 05 39.913,Star in double system,8,31,35.7301,18,5,39.913,127.8988754,18.09442028
0.846736,89.88222,54.28468,0559317+541704,16.14,0.0618,3,3.477,0.0432,3,0,0,0,0,89.88222,54.28468,HD40035,05554+5416,F05554+5416,DEL AUR,HR 2077,HD 40035,K0-III,11.53,2.704,11.7,2.68,05 59 31.6366,+54 17 04.762,Star in double system,5,59,31.6366,54,17,4.762,89.88181917,54.28465611
0.094761,65.59473,20.8214,0422227+204917,19.5,0.14,3,4.416,0.0738,3,0,0,0,0,65.59473,20.8214,HD27639,04194+2042,F04194+2042,,HR 1370,HD 27639,M0IIIab,13.75,3.41,13.7,3.65,04 22 22.7298,+20 49 17.097,Double or multiple star,4,22,22.7298,20,49,17.097,65.5947075,20.82141583
0.708442,116.02875,25.78397,0744069+254702,13.74,0.0976,3,3.063,0.00571,3,0,0,0,0,116.02875,25.78397,HD62285,07410+2554,F07410+2554,76 GEM,HR 2983,HD 62285,K4.5III,10.82,2.407,10.9,2.47,07 44 06.9147,+25 47 02.972,Variable star,7,44,6.9147,25,47,2.972,116.0288113,25.78415889
0.491464,133.98134,11.62594,0855555+113733,7.774,0.0322,3,1.807,0.0395,3,0,0,0,0,133.98134,11.62594,HD76351,08531+1149,F08531+1149,60 CNC,HR 3550,HD 76351,K5III,6.051,1.267,6.38,1.26,08 55 55.5481,+11 37 33.684,Variable star,8,55,55.5481,11,37,33.684,133.9814504,11.62602333
1.068603,169.32276,2.01041,1117174+020037,17.74,0.0981,3,3.971,0.101,3,0,0,0,0,169.32276,2.01041,HD98118,11147+0217,F11147+0217,75 LEO,HR 4371,HD 98118,M0III,12.89,3.191,12.8,3.26,11 17 17.4003,+02 00 38.001,Star,11,17,17.4003,2,0,38.001,169.3225013,2.010555833
1.577988,65.7339,17.54211,0422561+173231,13.86,0.0251,3,3.074,0.0892,3,0,0,0,0,65.7339,17.54211,HD27697,04200+1725,F04200+1725,DEL 1 TAU,HR 1373,HD 27697,G9.5III,10.32,2.205,10.1,2.21,04 22 56.0933,+17 32 33.051,binary,4,22,56.0933,17,32,33.051,65.73372208,17.54251417
0.643811,18.43723,24.58354,0113449+243500,6.971,0.0199,3,1.533,0.0177,3,0,0,0,0,18.43723,24.58354,HD7318,01110+2419,F01110+2419,PHI PSC,HR 360,HD 7318,K0III,5.935,1.153,6.1,1.25,01 13 44.9471,+24 35 01.367,Star in double system,1,13,44.9471,24,35,1.367,18.43727958,24.58371306
0.160244,75.08649,81.19405,0500207+811138,8.842,0.0615,3,1.999,0.0525,3,0,0,0,0,75.08649,81.19405,HD30338,04509+8107,F04509+8107,SAO 783,HR 1523,HD 30338,K3III,6.673,1.617,6.49,1.61,05 00 20.7207,+81 11 38.716,Star,5,0,20.7207,81,11,38.716,75.08633625,81.19408778
1.569170,140.26323,34.39261,0921031+342333,113.7,2.01,3,24.64,0.0615,3,0,0,0,0,140.26323,34.39261,HD80493,09180+3436,F09180+3436,ALP LYN,HR 3705,HD 80493,K7IIIab,83.78,19.64,86.9,19.6,09 21 03.3012,+34 23 33.223,Variable star,9,21,3.3012,34,23,33.223,140.263755,34.39256194
1.927708,31.79382,23.46209,0207105+232743,114.9,1.09,3,24.22,0.163,3,0,0,0,0,31.79382,23.46209,HD12929,02043+2313,F02043+2313,ALP ARI,HR 617,HD 12929,K2-IIIab,84.76,20.01,77.8,20.3,02 07 10.4071,+23 27 44.723,Variable star,2,7,10.4071,23,27,44.723,31.79336292,23.46242306
0.749633,188.68278,70.02176,1234438+700118,13.65,0.0476,3,3.117,0.0135,3,0,0,0,0,188.68278,70.02176,HD109551,12326+7017,F12326+7017,6 DRA,HR 4795,HD 109551,K2.5III,10.22,2.471,10.6,2.51,12 34 44.0133,+70 01 18.371,Star,12,34,44.0133,70,1,18.371,188.6833888,70.02176972
0.448440,169.61973,33.09443,1118287+330539,48.72,0.309,3,10.61,0.146,3,0,0,0,0,169.61973,33.09443,HD98262,11157+3322,F11157+3322,NU UMA,HR 4377,HD 98262,K3-III,35.22,8.297,35.7,8.25,11 18 28.7368,+33 05 39.500,Star in double system,11,18,28.7368,33,5,39.5,169.6197367,33.09430556
0.485537,188.78219,18.37706,1235077+182237,6.525,0.0187,3,1.477,0.0347,3,0,0,0,0,188.78219,18.37706,HD109511,12326+1839,F12325+1839,24 COM,HR 4792,HD 109511,K2III,4.704,1.087,4.64,1.37,12 35 07.7597,+18 22 37.408,Variable star,12,35,7.7597,18,22,37.408,188.7823321,18.37705778
0.924644,116.53088,18.50983,0746074+183035,18.64,0.0294,3,4.121,0.0127,3,0,0,0,0,116.53088,18.50983,HD62721,07432+1837,F07432+1837,81 GEM,HR 3003,HD 62721,K5III,13.67,3.299,13.6,3.29,07 46 07.4473,+18 30 36.157,Star,7,46,7.4473,18,30,36.157,116.5310304,18.51004361
0.399233,75.58288,74.2693,0502198+741609,7.327,0.0434,3,1.745,0.0288,3,0,0,0,0,75.58288,74.2693,HD31312,04559+7411,F04559+7411,,HR 1572,HD 31312,K5III,5.658,1.373,5.55,1.33,05 02 19.8135,+74 16 09.724,Star,5,2,19.8135,74,16,9.724,75.58255625,74.26936778
0.366440,19.27116,44.9019,0117050+445406,8.253,0.0176,3,1.971,0.0259,3,0,0,0,0,19.27116,44.9019,HD7647,01141+4438,F01141+4438,,HR 372,HD 7647,K5III,6.508,1.545,6.44,1.62,01 17 05.0638,+44 54 07.172,Star,1,17,5.0638,44,54,7.172,19.27109917,44.90199222
1.995688,163.32813,34.21434,1053187+341251,17.69,0.0606,3,3.778,0.0707,3,0,0,0,0,163.32813,34.21434,HD94264,10505+3428,F10505+3428,46 LMI,HR 4247,HD 94264,K0+III-IV,12.88,3.006,12.6,2.93,10 53 18.7051,+34 12 53.536,Variable star,10,53,18.7051,34,12,53.536,163.3279379,34.21487111
0.610399,110.48679,20.44354,0721568+202636,17.7,0.0759,3,3.895,0.0304,3,0,0,0,0,110.48679,20.44354,HD57423,07189+2032,F07189+2032,56 GEM,HR 2795,HD 57423,M0IIIab,12.62,2.962,12.8,3.19,07 21 56.8607,+20 26 37.170,Variable star,7,21,56.8607,20,26,37.17,110.4869196,20.44365833
0.465539,163.39341,54.58523,1053344+543506,9.362,0.0117,3,2.143,0.0173,3,0,0,0,0,163.39341,54.58523,HD94247,10505+5451,F10505+5450,44 UMA,HR 4246,HD 94247,K3III,7.336,1.698,7.56,1.8,10 53 34.4515,+54 35 06.462,Star,10,53,34.4515,54,35,6.462,163.3935479,54.58512833
0.582653,163.39515,26.20761,1053348+261227,7.207,0.0329,3,1.731,0.0491,3,0,0,0,0,163.39515,26.20761,HD94336,10508+2628,F10508+2628,,,HD 94336,M0III,5.236,1.28,5.32,1.34,10 53 34.8453,+26 12 27.965,Star,10,53,34.8453,26,12,27.965,163.3951888,26.20776806
1.903833,194.97813,66.59728,1259547+663550,7.505,0.0193,3,1.705,0.0313,3,0,0,0,0,194.97813,66.59728,HD113092,12580+6652,F12580+6651,9 DRA,HR 4928,HD 113092,K2III,5.454,1.301,5.5,1.37,12 59 55.0707,+66 35 50.179,Star,12,59,55.0707,66,35,50.179,194.9794613,66.59727194
0.254293,44.76524,35.1831,0259036+351059,8.751,0.0456,3,1.889,0.0507,3,0,0,0,0,44.76524,35.1831,HD18449,02559+3459,F02559+3459,24 PER,HR 882,HD 18449,K2III,6.401,1.487,6.59,1.52,02 59 03.6766,+35 10 59.262,Star,2,59,3.6766,35,10,59.262,44.76531917,35.18312833
0.459712,184.95302,48.98427,1219487+485903,21.98,0.036,3,5.016,0.0322,3,0,0,0,0,184.95302,48.98427,HD107274,12173+4915,F12173+4915,3 CVN,HR 4690,HD 107274,M0III,16.53,3.901,17.4,3.85,12 19 48.7103,+48 59 02.935,Star,12,19,48.7103,48,59,2.935,184.9529596,48.98414861
0.635950,33.26393,15.27977,0213033+151647,11.95,0.0838,3,3.298,0.477,3,0,0,0,0,33.26393,15.27977,HD13596,02103+1502,F02103+1502,19 ARI,HR 648,HD 13596,M0III,9.036,2.072,9.07,2.05,02 13 03.3053,+15 16 47.494,Variable star,2,13,3.3053,15,16,47.494,33.26377208,15.27985944
0.358029,33.30557,44.23156,0213133+441353,18.64,0.0597,3,4.17,0.0235,3,0,0,0,0,33.30557,44.23156,HD13520,02100+4359,F02100+4359,60 AND,HR 643,HD 13520,K3.5III,13.61,3.585,13.5,3.48,02 13 13.3241,+44 13 53.947,Variable star,2,13,13.3241,44,13,53.947,33.30551708,44.23165194
0.396769,151.97602,9.99748,1007542+095950,24.37,0.217,3,5.388,0.0805,3,0,0,0,0,151.97602,9.99748,HD87837,10052+1014,F10052+1014,31 LEO,HR 3980,HD 87837,K3.5IIIb,17.81,4.185,17.6,4.16,10 07 54.2708,+09 59 51.028,Star in double system,10,7,54.2708,9,59,51.028,151.9761283,9.997507778
2.098177,185.08685,3.31245,1220208+031844,8.291,0.0254,3,1.828,0.0193,3,0,0,0,0,185.08685,3.31245,HD107328,12177+0335,F12177+0335,16 VIR,HR 4695,HD 107328,K0.5IIIb,6.212,1.392,5.99,1.41,12 20 20.9809,+03 18 45.267,Variable star,12,20,20.9809,3,18,45.267,185.0874204,3.312574167
0.396109,141.16348,26.18226,0924392+261056,13.58,0.0483,3,2.913,0.0419,3,0,0,0,0,141.16348,26.18226,HD81146,09217+2623,F09217+2623,KAP LEO,HR 3731,HD 81146,K2III,9.814,2.317,9.83,2.36,09 24 39.2591,+26 10 56.367,Double or multiple star,9,24,39.2591,26,10,56.367,141.1635796,26.18232417
0.548653,7.05298,16.44492,0028127+162641,7.928,0.0334,3,1.838,0.0428,3,0,0,0,0,7.05298,16.44492,HD2436,00256+1610,F00256+1610,48 PSC,HR 106,HD 2436,K5III,5.896,1.382,5.58,1.43,00 28 12.7039,+16 26 42.236,Star,0,28,12.7039,16,26,42.236,7.052932917,16.44506556
0.803539,7.2378,48.41362,0028570+482449,22.88,0.0665,3,5.622,0.0748,3,0,0,0,0,7.2378,48.41362,HD2486,00262+4808,F00262+4808,,,HD 2486,M0III,17.11,4.706,17.1,4.72,00 28 56.9981,+48 24 49.355,Semi-regular pulsating star,0,28,56.9981,48,24,49.355,7.237492083,48.41370972
0.698643,20.85375,20.469,0123248+202808,13.19,0.0564,3,2.978,0.0703,3,0,0,0,0,20.85375,20.469,HD8388,01207+2012,F01207+2012,,HR 397,HD 8388,K7III,9.71,2.458,9.56,2.35,01 23 24.9490,+20 28 08.282,Star,1,23,24.949,20,28,8.282,20.85395417,20.46896722
0.302278,84.14688,54.42868,0536352+542543,13.56,0.038,3,3.168,0.0258,3,0,0,0,0,84.14688,54.42868,HD36678,05324+5423,F05324+5423,,HR 1866,HD 36678,M0III,9.57,2.504,10.5,2.52,05 36 35.2177,+54 25 43.171,Variable star,5,36,35.2177,54,25,43.171,84.14674042,54.42865861
0.439618,67.15425,19.18034,0428370+191049,17.9,0.138,3,3.78,0.0491,3,0,0,0,0,67.15425,19.18034,HD28305,04256+1904,F04256+1904,EPS TAU,HR 1409,HD 28305,G9.5III,13.19,3.199,12.9,3.18,04 28 36.9995,+19 10 49.554,Star in double system,4,28,36.9995,19,10,49.554,67.15416458,19.18043167
2.122003,84.2268,9.29013,0536544+091724,,,0,2.748,0.0317,3,,0,,0,84.2268,9.29013,HD37160,05341+0915,F05341+0915,PHI 2 ORI,HR 1907,HD 37160,K0IIIb,9.421,2.02,9.37,2.16,05 36 54.4879,+09 17 26.422,High proper-motion star,5,36,54.4879,9,17,26.422,84.22703292,9.290672778
0.745696,34.48909,29.00716,0217573+290025,7.814,0.0183,3,1.819,0.055,3,0,0,0,0,34.48909,29.00716,HD14146,02150+2846,F02150+2846,,,HD 14146,M0III,5.903,1.473,5.98,1.54,02 17 57.3307,+29 00 26.108,Semi-regular pulsating star,2,17,57.3307,29,0,26.108,34.48887792,29.00725222
0.185393,111.23786,51.88731,0724570+515314,9.978,0.134,3,2.356,0.0516,3,0,0,0,0,111.23786,51.88731,HD57646,07210+5159,F07210+5159,,HR 2804,HD 57646,K5III,7.515,1.849,7.43,1.99,07 24 57.0877,+51 53 14.131,Star,7,24,57.0877,51,53,14.131,111.2378654,51.88725861
1.558268,148.19044,26.00684,0952457+260024,20.07,0.0817,3,4.391,0.0786,3,0,0,0,0,148.19044,26.00684,HD85503,09499+2614,F09499+2614,MUU LEO,HR 3905,HD 85503,K2III,14.53,3.395,14.6,3.5,09 52 45.8173,+26 00 25.025,High proper-motion star,9,52,45.8173,26,0,25.025,148.1909054,26.00695139
0.346568,129.68931,3.34134,0838454+032028,11.71,0.0166,3,2.641,0.0391,3,0,0,0,0,129.68931,3.34134,HD73471,08361+0331,F08361+0331,SIG HYA,HR 3418,HD 73471,K1III,8.683,2.067,8.4,2.1,08 38 45.4377,+03 20 29.167,Star,8,38,45.4377,3,20,29.167,129.6893238,3.341435278
0.712780,130.05298,64.32787,0840127+641940,11.04,0.0322,3,2.458,0.0139,3,0,0,0,0,130.05298,64.32787,HD73108,08358+6430,F08358+6430,PI 2 UMA,HR 3403,HD 73108,K1+IIIb,8.34,2.039,8.28,1.95,08 40 12.8186,+64 19 40.570,Star,8,40,12.8186,64,19,40.57,130.0534108,64.32793611
2.110456,22.54688,6.14366,0130112+060837,15.19,0.0375,3,3.521,0.122,3,0,0,0,0,22.54688,6.14366,HD9138,01275+0553,F01275+0553,MUU PSC,HR 434,HD 9138,K3III,10.8,2.579,11.0,2.59,01 30 11.1151,+06 08 37.754,High proper-motion star,1,30,11.1151,6,8,37.754,22.54631292,6.143820556
0.163184,47.08797,18.79501,0308211+184742,7.49,0.0466,3,1.704,0.0261,3,0,0,0,0,47.08797,18.79501,HD19460,03055+1836,F03055+1836,54 ARI,HR 940,HD 19460,M0III,5.552,1.369,5.43,1.36,03 08 21.1090,+18 47 42.190,Star,3,8,21.109,18,47,42.19,47.08795417,18.79505278
1.060004,99.83252,42.48859,0639198+422918,9.233,0.0538,3,2.09,0.0324,3,0,0,0,0,99.83252,42.48859,HD47174,06357+4232,F06357+4232,PSI 2 AUR,HR 2427,HD 47174,K2-III,7.349,1.572,7.7,1.63,06 39 19.8263,+42 29 19.957,Star in double system,6,39,19.8263,42,29,19.957,99.83260958,42.48887694
0.055919,77.92319,16.04566,0511415+160244,14.85,0.0906,3,3.317,0.0818,3,0,0,0,0,77.92319,16.04566,HD33554,05088+1559,F05088+1559,,HR 1684,HD 33554,K5III,11.18,2.76,10.9,2.71,05 11 41.5635,+16 02 44.423,Star,5,11,41.5635,16,2,44.423,77.92318125,16.04567306
0.356619,36.40582,50.27856,0225373+501642,22.78,0.0649,3,5.0,0.0381,3,0,0,0,0,36.40582,50.27856,HD14872,02222+5003,Z02222+5003,65 AND,HR 699,HD 14872,K4.5III,16.03,3.8,16.1,3.92,02 25 37.4227,+50 16 43.072,Star in double system,2,25,37.4227,50,16,43.072,36.40592792,50.27863111
0.124102,136.49319,5.09235,0905583+050532,7.923,0.0289,3,1.754,0.0236,3,0,0,0,0,136.49319,5.09235,HD77996,09033+0517,F09033+0517,OME HYA,HR 3613,HD 77996,K2II-III,5.791,1.432,5.95,1.41,09 05 58.3667,+05 05 32.337,Star,9,5,58.3667,5,5,32.337,136.4931946,5.092315833
2.405388,47.37474,44.85709,0309299+445125,13.61,0.016,3,2.855,0.0324,3,0,0,0,0,47.37474,44.85709,HD19476,03061+4440,F03061+4440,KAP PER,HR 941,HD 19476,K0III,9.934,2.338,10.0,2.41,03 09 29.7715,+44 51 27.157,Variable star,3,9,29.7715,44,51,27.157,47.37404792,44.85754361
0.427740,105.90861,10.9517,0703380+105706,9.881,0.0655,3,2.215,0.0212,3,0,0,0,0,105.90861,10.9517,HD52960,07008+1101,Z07008+1101,,HR 2649,HD 52960,K3III,6.955,1.657,7.07,1.7,07 03 38.0719,+10 57 06.540,Star,7,3,38.0719,10,57,6.54,105.9086329,10.95181667
0.348662,105.96493,12.59417,0703515+123539,7.742,0.02,3,1.839,0.0305,3,0,0,0,0,105.96493,12.59417,HD52976,07010+1240,Z07010+1240,,HR 2651,HD 52976,K6III,5.81,1.433,5.53,1.45,07 03 51.5990,+12 35 39.273,Star,7,3,51.599,12,35,39.273,105.9649958,12.5942425
0.455328,112.44912,12.00644,0729477+120023,13.19,0.0549,3,2.841,0.0142,3,0,0,0,0,112.44912,12.00644,HD59294,07270+1206,F07270+1206,6 CMI,HR 2864,HD 59294,K1III,9.693,2.319,9.53,2.33,07 29 47.7829,+12 00 23.631,Variable star,7,29,47.7829,12,0,23.631,112.4490954,12.00656417
0.354568,9.19338,44.48863,0036464+442919,20.65,0.179,3,4.664,0.204,3,0,0,0,0,9.19338,44.48863,HD3346,00340+4412,F00340+4412,,HR 152,HD 3346,K6III,15.86,3.718,15.7,3.73,00 36 46.4410,+44 29 18.913,Variable star,0,36,46.441,44,29,18.913,9.193504167,44.48858694
0.293722,78.32287,2.86119,0513174+025140,11.23,0.115,3,2.486,0.0203,3,0,0,0,0,78.32287,2.86119,HD33856,05107+0248,F05106+0248,RHO ORI,HR 1698,HD 33856,K1III,8.941,1.988,9.01,1.95,05 13 17.4814,+02 51 40.556,Spectroscopic binary,5,13,17.4814,2,51,40.556,78.32283917,2.861265556
0.584356,85.61918,1.47452,0542286+012828,8.528,0.015,3,,,0,0,,0,,85.61918,1.47452,HD37984,05398+0127,F05398+0127,51 ORI,HR 1963,HD 37984,K1III,6.61,1.486,6.76,1.6,05 42 28.6321,+01 28 28.664,Star,5,42,28.6321,1,28,28.664,85.61930042,1.474628889
0.153278,47.82242,39.61154,0311173+393641,8.638,0.0394,3,1.962,0.05,3,0,0,0,0,47.82242,39.61154,HD19656,03080+3925,F03080+3925,OME PER,HR 947,HD 19656,K1III,6.248,1.472,6.28,1.51,03 11 17.3816,+39 36 41.697,Star in double system,3,11,17.3816,39,36,41.697,47.82242333,39.6115825
0.591517,165.0615,45.5263,1100147+453134,9.58,0.0285,3,2.211,0.041,3,0,0,0,0,165.0615,45.5263,HD95212,10573+4547,F10573+4547,,HR 4280,HD 95212,K5III,7.109,1.639,7.05,1.7,11 00 14.7043,+45 31 34.595,Star,11,0,14.7043,45,31,34.595,165.0612679,45.52627639
0.636216,160.76648,69.07609,1043039+690433,12.67,0.051,3,2.85,0.0513,3,0,0,0,0,160.76648,69.07609,HD92523,10395+6920,F10395+6920,,HR 4181,HD 92523,K3III,10.1,2.332,9.94,2.28,10 43 04.0399,+69 04 34.370,Star,10,43,4.0399,69,4,34.37,160.7668329,69.07621389
0.695780,186.73432,28.26828,1226562+281605,10.65,0.0685,3,2.38,0.0428,3,0,0,0,0,186.73432,28.26828,HD108381,12244+2832,F12244+2832,GAM COM,HR 4737,HD 108381,K1III,7.907,1.906,8.55,1.88,12 26 56.2723,+28 16 06.322,Star in cluster,12,26,56.2723,28,16,6.322,186.7344679,28.26842278
1.150562,10.1273,56.53714,0040305+563213,83.65,0.711,3,17.32,0.119,3,0,0,0,0,10.1273,56.53714,HD3712,00376+5615,Z00376+5615,ALP CAS,HR 168,HD 3712,K0-IIIa,60.29,14.23,64.6,13.6,00 40 30.4405,+56 32 14.392,Variable star,0,40,30.4405,56,32,14.392,10.12683542,56.53733111
0.093225,142.9301,22.96795,0931432+225804,37.02,0.169,3,8.145,0.0939,3,0,0,0,0,142.9301,22.96795,HD82308,09288+2311,F09288+2311,LAM LEO,HR 3773,HD 82308,K4.5IIIb,29.06,6.406,29.1,6.44,09 31 43.2281,+22 58 04.694,Variable star,9,31,43.2281,22,58,4.694,142.9301171,22.96797056
0.530821,142.98989,9.71562,0931575+094256,10.64,0.0176,3,2.324,0.0515,3,0,0,0,0,142.98989,9.71562,HD82381,09292+0956,F09292+0956,6 LEO,HR 3779,HD 82381,K2.5IIIb,8.584,1.838,8.65,1.92,09 31 57.5773,+09 42 56.760,Star in double system,9,31,57.5773,9,42,56.76,142.9899054,9.715766667
0.296056,196.79469,27.62466,1307107+273728,19.29,0.0854,3,4.366,0.0631,3,0,0,0,0,196.79469,27.62466,HD113996,13047+2753,F13047+2753,41 COM,HR 4954,HD 113996,K5-III,14.21,3.483,14.3,3.45,13 07 10.7297,+27 37 29.067,Star,13,7,10.7297,27,37,29.067,196.7947071,27.62474083
0.393311,191.6616,16.57775,1246387+163439,9.584,0.0338,3,2.149,0.0228,3,0,0,0,0,191.6616,16.57775,HD111067,12441+1650,F12441+1651,27 COM,HR 4851,HD 111067,K3III,6.694,1.675,6.71,1.67,12 46 38.7609,+16 34 39.689,Star,12,46,38.7609,16,34,39.689,191.6615038,16.57769139
0.366267,172.85064,69.33105,1131241+691951,75.94,0.875,3,16.78,0.0558,3,0,0,0,0,172.85064,69.33105,HD100029,11284+6936,F11284+6936,LAM DRA,HR 4434,HD 100029,M0III,54.7,13.84,54.3,13.9,11 31 24.2205,+69 19 51.873,Semi-regular pulsating star,11,31,24.2205,69,19,51.873,172.8509188,69.33107583
0.608723,247.80609,22.19558,1631134+221144,11.35,0.0348,3,2.611,0.035,3,0,0,0,0,247.80609,22.19558,HD149009,16290+2218,F16290+2218,,HR 6154,HD 149009,K5III,7.929,2.091,8.22,2.08,16 31 13.4313,+22 11 43.648,Star,16,31,13.4313,22,11,43.648,247.8059638,22.19545778
0.149415,187.83924,7.60435,1231214+073615,6.464,0.0486,3,1.518,0.054,3,0,0,0,0,187.83924,7.60435,HD108985,12288+0752,F12287+0752,,HR 4770,HD 108985,K5III,4.743,1.214,4.67,1.28,12 31 21.4158,+07 36 15.513,Star,12,31,21.4158,7,36,15.513,187.8392325,7.604309167
0.174109,191.89306,66.79035,1247343+664725,13.89,0.0592,3,3.16,0.016,3,0,0,0,0,191.89306,66.79035,HD111335,12455+6703,F12455+6703,7 DRA,HR 4863,HD 111335,K5III,10.28,2.579,10.5,2.69,12 47 34.3438,+66 47 25.095,Star,12,47,34.3438,66,47,25.095,191.8930992,66.79030417
0.233499,259.905,80.13639,1719372+800810,7.422,0.0232,3,1.746,0.0221,3,0,0,0,0,259.905,80.13639,HD158996,17233+8010,F17234+8010,,HR 6529,HD 158996,K5III,5.449,1.298,5.64,1.4,17 19 37.1101,+80 08 11.038,Star,17,19,37.1101,80,8,11.038,259.9046254,80.13639944
1.189987,214.93816,16.30707,1419451+161825,8.425,0.0335,3,1.92,0.0316,3,0,0,0,0,214.93816,16.30707,HD125560,14173+1632,F14173+1632,20 BOO,HR 5370,HD 125560,K3III,6.226,1.582,6.12,1.55,14 19 45.2352,+16 18 25.012,Variable star,14,19,45.2352,16,18,25.012,214.93848,16.30694778
0.099173,237.18488,18.14158,1548443+180829,62.72,0.341,3,13.74,0.0752,3,0,0,0,0,237.18488,18.14158,HD141477,15464+1817,F15464+1817,KAP SER,HR 5879,HD 141477,M0.5IIIab,44.45,10.85,44.3,11.6,15 48 44.3768,+18 08 29.629,Variable star,15,48,44.3768,18,8,29.629,237.1849033,18.14156361
0.605297,197.44919,16.84863,1309478+165055,6.868,0.0423,3,1.598,0.0546,3,0,0,0,0,197.44919,16.84863,HD114326,13073+1706,F13073+1706,,HR 4962,HD 114326,K5III,4.966,1.249,4.95,1.25,13 09 47.8475,+16 50 55.001,Star,13,9,47.8475,16,50,55.001,197.4493646,16.84861139
1.227266,219.55199,43.64219,1438124+433831,8.463,0.0262,3,1.937,0.0309,3,0,0,0,0,219.55199,43.64219,HD128902,14363+4351,F14363+4351,,HR 5464,HD 128902,K2III,6.329,1.518,6.5,1.51,14 38 12.5889,+43 38 31.669,Star,14,38,12.5889,43,38,31.669,219.5524538,43.64213028
0.847684,268.38249,56.87282,1753317+565222,22.92,0.0462,3,4.888,0.0131,3,0,0,0,0,268.38249,56.87282,HD163588,17526+5652,F17526+5652,XI DRA,HR 6688,HD 163588,K2III,16.72,4.075,16.9,4.14,17 53 31.7295,+56 52 21.514,Star in double system,17,53,31.7295,56,52,21.514,268.3822063,56.87264278
0.525223,261.62871,4.14022,1726308+040824,25.61,0.0174,3,5.613,0.0552,3,0,0,0,0,261.62871,4.14022,HD157999,17240+0410,F17240+0410,SIG OPH,HR 6498,HD 157999,K2II,18.64,4.869,18.7,4.71,17 26 30.8803,+04 08 25.295,Variable star,17,26,30.8803,4,8,25.295,261.6286679,4.140359722
0.420259,260.0879,46.24087,1720210+461427,13.35,0.0449,3,3.055,0.0303,3,0,0,0,0,260.0879,46.24087,HD157325,17189+4617,F17189+4617,74 HER,HR 6464,HD 157325,M0III,10.07,2.515,9.83,2.52,17 20 21.1218,+46 14 26.808,Variable star,17,20,21.1218,46,14,26.808,260.0880075,46.24078
1.967050,254.41652,9.37499,1657399+092229,34.35,0.214,3,7.217,0.102,3,0,0,0,0,254.41652,9.37499,HD153210,16552+0927,F16552+0927,KAP OPH,HR 6299,HD 153210,K2III,24.91,5.762,25.0,5.72,16 57 40.0973,+09 22 30.118,Variable star,16,57,40.0973,9,22,30.118,254.4170721,9.375032778
0.303681,198.1371,11.55605,1312329+113321,10.65,0.0391,3,2.476,0.0347,3,0,0,0,0,198.1371,11.55605,HD114780,13100+1149,F13100+1149,,HR 4986,HD 114780,M0III,8.333,2.104,8.13,2.14,13 12 32.9213,+11 33 21.946,Star,13,12,32.9213,11,33,21.946,198.1371721,11.55609611
0.029712,193.05108,17.07394,1252122+170426,7.19,0.0404,3,1.644,0.0205,3,0,0,0,0,193.05108,17.07394,HD111862,12497+1720,F12497+1720,32 COM,HR 4884,HD 111862,M0III,5.273,1.32,5.23,1.38,12 52 12.2573,+17 04 26.196,Star in double system,12,52,12.2573,17,4,26.196,193.0510721,17.07394333
0.201698,240.52322,52.91596,1602055+525457,6.979,0.0163,3,1.608,0.018,3,0,0,0,0,240.52322,52.91596,HD144204,16008+5303,F16008+5303,,HR 5981,HD 144204,K5III,5.285,1.328,5.31,1.34,16 02 05.5584,+52 54 57.302,Star,16,2,5.5584,52,54,57.302,240.52316,52.91591722
0.790409,167.41558,44.49841,1109397+442954,42.58,0.393,3,9.11,0.126,3,0,0,0,0,167.41558,44.49841,HD96833,11068+4446,F11068+4446,PSI UMA,HR 4335,HD 96833,K1III,30.35,7.266,31.0,7.41,11 09 39.8084,+44 29 54.553,Star,11,9,39.8084,44,29,54.553,167.4158683,44.49848694
0.570001,237.81621,20.97806,1551158+205841,23.5,0.124,3,5.196,0.0576,3,0,0,0,0,237.81621,20.97806,HD141992,15490+2107,F15490+2107,RHO SER,HR 5899,HD 141992,K4.5III,17.53,4.239,18.1,4.27,15 51 15.9090,+20 58 40.509,Variable star,15,51,15.909,20,58,40.509,237.8162875,20.97791917
0.350270,231.23244,58.96616,1524557+585758,33.47,0.0957,3,7.104,0.0524,3,0,0,0,0,231.23244,58.96616,HD137759,15238+5908,F15238+5908,IOTA DRA,HR 5744,HD 137759,K2III,23.46,5.752,23.5,5.78,15 24 55.7747,+58 57 57.836,Variable star,15,24,55.7747,58,57,57.836,231.2323946,58.96606556
0.146696,243.31433,5.02108,1613154+050115,9.294,0.0495,3,2.137,0.027,3,0,0,0,0,243.31433,5.02108,HD145892,16107+0508,F16107+0508,9 HER,HR 6047,HD 145892,K5III,6.806,1.621,7.14,1.59,16 13 15.4295,+05 01 15.911,Star,16,13,15.4295,5,1,15.911,243.3142896,5.021086389
0.598824,198.63047,11.33154,1314313+111953,10.4,0.0341,3,2.399,0.0217,3,0,0,0,0,198.63047,11.33154,HD115046,13120+1135,F13120+1135,,HR 4998,HD 115046,M0III,6.879,1.679,7.32,1.84,13 14 31.2837,+11 19 53.963,Star in double system,13,14,31.2837,11,19,53.963,198.6303488,11.33165639
0.929581,207.36907,15.79789,1349285+154752,46.05,0.392,3,10.06,0.117,3,0,0,0,0,207.36907,15.79789,HD120477,13470+1602,F13470+1602,UPS BOO,HR 5200,HD 120477,K5.5III,33.77,7.657,33.5,7.88,13 49 28.6411,+15 47 52.458,Variable star,13,49,28.6411,15,47,52.458,207.3693379,15.797905
1.184772,212.2107,77.54758,1408505+773251,14.51,0.117,3,3.254,0.0174,3,0,0,0,0,212.2107,77.54758,HD124547,14089+7746,F14090+7747,4 UMI,HR 5321,HD 124547,K3-IIIb,10.87,2.681,11.0,2.67,14 08 50.9269,+77 32 51.051,Spectroscopic binary,14,8,50.9269,77,32,51.051,212.2121954,77.54751417
0.167401,199.31508,13.67578,1317156+134032,7.148,0.0367,3,1.669,0.055,3,0,0,0,0,199.31508,13.67578,HD115478,13147+1356,F13147+1356,,HR 5013,HD 115478,K3III,5.335,1.421,5.35,1.4,13 17 15.6282,+13 40 32.704,Star,13,17,15.6282,13,40,32.704,199.3151175,13.67575111
0.239220,231.96413,60.67023,1527513+604012,7.098,0.0125,3,1.678,0.0203,3,0,0,0,0,231.96413,60.67023,HD138265,15268+6050,F15268+6050,,HR 5755,HD 138265,K5III,5.214,1.33,5.22,1.31,15 27 51.4231,+60 40 12.780,Star,15,27,51.4231,60,40,12.78,231.9642629,60.67021667
0.216228,207.94775,34.44421,1351474+342639,64.04,0.233,3,14.27,0.134,3,0,0,0,0,207.94775,34.44421,HD120933,13495+3441,F13495+3441,AW CVN,HR 5219,HD 120933,K5III,47.22,11.4,49.0,11.3,13 51 47.4751,+34 26 39.265,Variable star,13,51,47.4751,34,26,39.265,207.9478129,34.44424028
0.228318,217.1918,25.85382,1428460+255113,13.88,0.0813,3,3.211,0.034,3,0,0,0,0,217.1918,25.85382,HD127093,14265+2604,F14265+2604,,,HD 127093,M0III,10.4,2.656,10.4,2.49,14 28 46.0296,+25 51 13.978,Variable star of irregular type,14,28,46.0296,25,51,13.978,217.19179,25.85388278
0.384554,252.93864,24.65653,1651452+243923,7.369,0.0447,3,1.642,0.0304,3,0,0,0,0,252.93864,24.65653,HD152326,16496+2444,F16496+2444,51 HER,HR 6270,HD 152326,K0.5IIIa,5.345,1.279,5.24,1.3,16 51 45.2619,+24 39 23.158,Star,16,51,45.2619,24,39,23.158,252.9385913,24.65643278
0.476700,225.72503,2.09126,1502540+020528,10.02,0.128,3,2.175,0.0462,3,0,0,0,0,225.72503,2.09126,HD133165,15003+0217,F15003+0217,110 VIR,HR 5601,HD 133165,K0+IIIb,7.291,1.767,7.8,1.83,15 02 54.0373,+02 05 28.690,Variable star,15,2,54.0373,2,5,28.69,225.7251554,2.091302778
0.199273,232.73235,40.8331,1530557+404959,21.04,0.0714,3,4.702,0.0322,3,0,0,0,0,232.73235,40.8331,HD138481,15291+4100,F15291+4100,NU 1 BOO,HR 5763,HD 138481,K4.5IIIb,13.94,3.657,14.9,3.87,15 30 55.7593,+40 49 58.968,Star,15,30,55.7593,40,49,58.968,232.7323304,40.83304667
0.266311,258.76172,36.80918,1715028+364833,63.0,0.524,3,13.96,0.0632,3,0,0,0,0,258.76172,36.80918,HD156283,17133+3651,F17133+3651,PI HER,HR 6418,HD 156283,K3II,47.55,11.0,48.2,11.4,17 15 02.8343,+36 48 32.983,Variable star,17,15,2.8343,36,48,32.983,258.7618096,36.80916194
1.089699,232.85249,77.34935,1531245+772057,18.13,0.0506,3,4.095,0.0387,3,0,0,0,0,232.85249,77.34935,HD139669,15328+7731,F15328+7730,THE UMI,HR 5826,HD 139669,K5-III,13.34,3.335,13.4,3.44,15 31 24.9293,+77 20 57.667,Variable star,15,31,24.9293,77,20,57.667,232.8538721,77.34935194
1.590043,236.06732,6.42591,1544161+062533,57.28,0.682,3,12.17,0.0621,3,0,0,0,0,236.06732,6.42591,HD140573,15418+0634,F15417+0634,ALP SER,HR 5854,HD 140573,K2IIIb,40.92,10.04,40.8,9.86,15 44 16.0749,+06 25 32.257,Star in double system,15,44,16.0749,6,25,32.257,236.0669788,6.425626944
0.613229,209.14257,27.49219,1356342+272931,13.42,0.00487,3,3.031,0.0217,3,0,0,0,0,209.14257,27.49219,HD121710,13542+2744,F13543+2743,9 BOO,HR 5247,HD 121710,K3IIIb,10.06,2.509,9.88,2.44,13 56 34.1811,+27 29 31.496,Variable star of irregular type,13,56,34.1811,27,29,31.496,209.1424213,27.49208222
1.138027,217.95721,30.37167,1431497+302218,35.49,0.125,3,7.515,0.0506,3,0,0,0,0,217.95721,30.37167,HD127665,14296+3035,F14296+3035,RHO BOO,HR 5429,HD 127665,K3-III,25.41,5.982,25.8,6.12,14 31 49.7899,+30 22 17.174,Variable star,14,31,49.7899,30,22,17.174,217.9574579,30.37143722
0.526748,239.39672,26.87786,1557352+265240,18.48,0.0424,3,3.992,0.0286,3,0,0,0,0,239.39672,26.87786,HD143107,15555+2701,F15555+2701,EPS CRB,HR 5947,HD 143107,K2IIIab,12.14,3.194,13.1,3.38,15 57 35.2518,+26 52 40.368,Double or multiple star,15,57,35.2518,26,52,40.368,239.3968825,26.87788
0.082035,218.12888,55.39803,1432309+552352,8.67,0.0484,3,2.034,0.043,3,0,0,0,0,218.12888,55.39803,HD128000,14309+5537,F14309+5537,,HR 5442,HD 128000,K5III,6.83,1.489,6.85,1.59,14 32 30.9356,+55 23 52.835,Star,14,32,30.9356,55,23,52.835,218.1288983,55.39800972
0.128994,285.00344,32.14555,1900008+320843,12.67,0.0518,3,2.87,0.0196,3,0,0,0,0,285.00344,32.14555,HD176670,18581+3204,F18581+3204,LAM LYR,HR 7192,HD 176670,K2.5III,9.589,2.294,9.94,2.28,19 00 00.8257,+32 08 43.851,Variable star,19,0,0.8257,32,8,43.851,285.0034404,32.14551417
0.505445,239.74055,36.6439,1558577+363838,9.928,0.0231,3,2.28,0.0238,3,0,0,0,0,239.74055,36.6439,HD143435,15571+3647,F15571+3647,,HR 5957,HD 143435,K5III,7.455,1.765,7.45,1.73,15 58 57.7137,+36 38 37.585,Star,15,58,57.7137,36,38,37.585,239.7404738,36.64377361
0.148373,257.3885,40.777,1709332+404637,8.475,0.0428,3,1.924,0.0139,3,0,0,0,0,257.3885,40.777,HD155410,17079+4050,F17079+4050,,HR 6388,HD 155410,K3III,6.249,1.435,6.57,1.54,17 09 33.2478,+40 46 37.319,Star,17,9,33.2478,40,46,37.319,257.3885325,40.77703306
0.220768,251.45791,8.58267,1645498+083457,16.59,0.0506,3,3.773,0.0375,3,0,0,0,0,251.45791,8.58267,HD151217,16434+0840,F16434+0840,43 HER,HR 6228,HD 151217,K5III,12.19,2.894,12.0,2.83,16 45 49.8913,+08 34 57.418,Variable star,16,45,49.8913,8,34,57.418,251.4578804,8.582616111
0.035638,281.51867,26.66212,1846044+263943,,,0,1.971,0.0367,3,,0,,0,281.51867,26.66212,HD173780,18440+2636,F18440+2636,IRC+30342,HR 7064,HD 173780,K2III,6.5,1.53,6.35,1.56,18 46 04.4803,+26 39 43.667,Star,18,46,4.4803,26,39,43.667,281.5186679,26.66212972
0.849342,276.49696,65.56342,1825592+653348,9.687,0.0122,3,2.206,0.0119,3,0,0,0,0,276.49696,65.56342,HD170693,18258+6531,F18258+6531,42 DRA,HR 6945,HD 170693,K1.5III,7.19,1.695,7.47,1.46,18 25 59.1381,+65 33 48.530,Star,18,25,59.1381,65,33,48.53,276.4964088,65.56348056
0.370746,259.3945,28.91326,1717346+285447,7.524,0.0303,3,1.916,0.0148,3,0,0,0,0,259.3945,28.91326,HD156652,17156+2857,F17156+2857,,,HD 156652,M0III+,5.57,1.429,5.63,1.44,17 17 34.6520,+28 54 47.783,Variable star of irregular type,17,17,34.652,28,54,47.783,259.3943833,28.91327306
0.292280,274.53227,23.29685,1818077+231748,9.808,0.0374,3,2.333,0.0202,3,0,0,0,0,274.53227,23.29685,HD168323,18160+2316,F18160+2316,,HR 6854,HD 168323,K5III,7.314,1.842,7.19,1.86,18 18 07.7296,+23 17 48.864,Star in double system,18,18,7.7296,23,17,48.864,274.5322067,23.29690667
0.617748,277.79027,25.1631,1831096+250947,6.493,0.0891,3,1.608,0.0321,3,0,0,0,0,277.79027,25.1631,HD170951,18291+2507,F18291+2507,,,HD 170951,M0III,4.752,1.227,4.84,1.27,18 31 09.6605,+25 09 47.775,Star,18,31,9.6605,25,9,47.775,277.7902521,25.16327083
1.217854,265.86802,4.56762,1743283+043403,50.87,0.139,3,10.89,0.0772,3,0,0,0,0,265.86802,4.56762,HD161096,17409+0435,F17410+0435,BET OPH,HR 6603,HD 161096,K2III,37.97,8.756,38.6,8.53,17 43 28.3531,+04 34 02.290,Variable star,17,43,28.3531,4,34,2.29,265.8681379,4.567302778
0.519309,297.65723,52.98786,1950377+525916,7.853,0.0184,3,1.809,0.0288,3,0,0,0,0,297.65723,52.98786,HD188056,19493+5251,F19493+5251,20 CYG,HR 7576,HD 188056,K3III,5.845,1.453,5.77,1.49,19 50 37.7238,+52 59 16.805,Star,19,50,37.7238,52,59,16.805,297.6571825,52.98800139
0.296755,269.98425,45.50145,1759562+453005,11.64,0.0378,3,2.671,0.0138,3,0,0,0,0,269.98425,45.50145,HD164646,17585+4530,F17585+4530,,HR 6728,HD 164646,M0IIIab,8.356,2.16,8.45,2.2,17 59 56.2064,+45 30 04.960,Variable star,17,59,56.2064,45,30,4.96,269.9841933,45.50137778
0.383983,262.68474,26.11062,1730443+260638,21.03,0.0762,3,4.666,0.0335,3,0,0,0,0,262.68474,26.11062,HD158899,17287+2608,F17287+2608,LAM HER,HR 6526,HD 158899,K3.5III,15.49,3.695,15.9,3.7,17 30 44.3099,+26 06 38.323,Variable star,17,30,44.3099,26,6,38.323,262.6846246,26.11064528
0.211039,325.54219,1.28524,2142101+011706,7.151,0.0519,3,1.685,0.0176,3,0,0,0,0,325.54219,1.28524,HD206445,21396+0103,F21396+0103,26 AQR,HR 8287,HD 206445,K2III,5.369,1.309,5.35,1.31,21 42 10.1119,+01 17 06.912,Star,21,42,10.1119,1,17,6.912,325.5421329,1.285253333
1.766989,311.3379,57.57924,2045210+573445,2.854,0.00977,3,0.6189,0.0162,3,0,0,0,0,311.3379,57.57924,HD198048,20460-4624,F20460-4624,ZET IND,HR 7952,HD 198048,K5III,14.14,3.317,14.3,3.47,20 45 21.1281,+57 34 47.012,High proper-motion star,20,45,21.1281,57,34,47.012,311.3380338,57.57972556
1.269154,340.12904,44.27618,2240309+441634,15.88,0.0424,3,3.507,0.0445,3,0,0,0,0,340.12904,44.27618,HD214868,22383+4400,F22383+4400,11 LAC,HR 8632,HD 214868,K2.5III,11.36,2.868,11.3,2.96,22 40 30.8591,+44 16 34.698,Star,22,40,30.8591,44,16,34.698,340.1285796,44.276305
1.929981,293.52277,7.37867,1934054+072243,11.67,0.0606,3,2.555,0.0551,3,0,0,0,0,293.52277,7.37867,HD184406,19316+0716,Z19316+0716,MUU AQL,HR 7429,HD 184406,K3-IIIb,8.653,2.084,8.6,2.05,19 34 05.3529,+07 22 44.189,Variable star,19,34,5.3529,7,22,44.189,293.5223038,7.378941389
0.410440,311.41574,30.71964,2045397+304310,11.47,0.205,3,2.432,0.0266,3,0,0,0,0,311.41574,30.71964,HD197912,20435+3032,Z20436+3032,52 CYG,HR 7942,HD 197912,K0IIIa,8.548,2.051,8.76,2.08,20 45 39.7537,+30 43 10.975,Star in double system,20,45,39.7537,30,43,10.975,311.4156404,30.71971528
3.123788,311.55365,33.97081,2046128+335814,56.19,0.394,3,11.96,0.106,3,0,0,0,0,311.55365,33.97081,HD197989,20442+3347,Z20442+3347,EPS CYG,HR 7949,HD 197989,K0III,43.2,9.548,42.6,9.57,20 46 12.6827,+33 58 12.922,High proper-motion star,20,46,12.6827,33,58,12.922,311.5528446,33.97025611
1.122008,299.68946,19.49241,1958454+192932,77.32,2.12,3,17.34,0.238,3,0,0,0,0,299.68946,19.49241,HD189319,19565+1921,Z19565+1921,GAM SGE,HR 7635,HD 189319,M0-III,60.29,14.11,58.9,14.0,19 58 45.4275,+19 29 31.732,Variable star,19,58,45.4275,19,29,31.732,299.6892813,19.49214778
0.880703,320.52191,19.80459,2122052+194816,13.92,0.0727,3,3.051,0.037,3,0,0,0,0,320.52191,19.80459,HD203504,21197+1935,F21197+1935,1 PEG,HR 8173,HD 203504,K1III,10.17,2.284,9.82,2.28,21 22 05.1996,+19 48 16.229,Star in double system,21,22,5.1996,19,48,16.229,320.521665,19.80450806
0.452376,311.79495,34.3741,2047107+342226,10.13,0.148,3,2.309,0.0676,3,0,0,0,0,311.79495,34.3741,HD198134,20451+3411,Z20451+3411,T CYG,HR 7956,HD 198134,K3III,6.867,1.831,7.32,1.9,20 47 10.7521,+34 22 26.844,Variable star,20,47,10.7521,34,22,26.844,311.7948004,34.37412333
0.336924,293.7338,33.79558,1934561+334744,15.5,0.0599,3,3.613,0.0333,3,0,0,0,0,293.7338,33.79558,HD184827,19330+3341,Z19330+3341,,,HD 184827,M0III,12.01,2.946,11.6,3.01,19 34 56.1074,+33 47 43.756,Pulsating variable star,19,34,56.1074,33,47,43.756,293.7337808,33.79548778
0.459226,305.08919,17.7928,2020214+174734,7.838,0.0231,3,1.84,0.0392,3,0,0,0,0,305.08919,17.7928,HD193579,20180+1738,F20180+1738,,HR 7780,HD 193579,K5III,5.85,1.44,6.09,1.39,20 20 21.4066,+17 47 34.539,Star,20,20,21.4066,17,47,34.539,305.0891942,17.7929275
2.072895,275.92495,21.76932,1823419+214609,21.58,0.058,3,4.671,0.0456,3,0,0,0,0,275.92495,21.76932,HD169414,18215+2144,F18215+2144,109 HER,HR 6895,HD 169414,K2IIIab,15.1,3.803,16.9,3.76,18 23 41.8896,+21 46 11.107,Variable star,18,23,41.8896,21,46,11.107,275.92454,21.76975194
1.015414,341.87292,83.15401,2247295+830914,11.3,0.0509,3,2.529,0.0369,3,0,0,0,0,341.87292,83.15401,HD216446,22477+8253,F22477+8253,SAO 3794,HR 8702,HD 216446,K3III,8.28,2.016,8.24,2.03,22 47 29.0631,+83 09 13.789,Double or multiple star,22,47,29.0631,83,9,13.789,341.8710963,83.15383028
0.818046,283.59998,71.29732,1854239+711750,7.682,0.0143,3,1.743,0.0141,3,0,0,0,0,283.59998,71.29732,HD176524,18550+7113,F18550+7113,UPS DRA,HR 7180,HD 176524,K0III,5.336,1.286,5.49,1.4,18 54 23.8547,+71 17 49.891,Star,18,54,23.8547,71,17,49.891,283.5993946,71.29719194
0.607219,349.96863,42.07809,2319524+420441,7.847,0.0248,3,1.82,0.0149,3,0,0,0,0,349.96863,42.07809,HD219981,23174+4148,F23174+4148,10 AND,HR 8876,HD 219981,M0III,5.712,1.467,5.51,1.4,23 19 52.4187,+42 04 40.959,Star,23,19,52.4187,42,4,40.959,349.9684113,42.07804417
0.952135,350.08599,5.38117,2320206+052252,9.334,0.0163,3,2.129,0.0556,3,0,0,0,0,350.08599,5.38117,HD220009,23177+0506,F23177+0506,7 PSC,HR 8878,HD 220009,K2III,7.355,1.578,7.24,1.68,23 20 20.5831,+05 22 52.706,Star,23,20,20.5831,5,22,52.706,350.0857629,5.381307222
1.045609,350.20675,30.41474,2320496+302453,10.82,0.0247,3,2.541,0.0612,3,0,0,0,0,350.20675,30.41474,HD220088,23183+3008,F23183+3008,63 PEG,HR 8882,HD 220088,M0III,8.074,1.977,7.87,1.86,23 20 49.5568,+30 24 53.716,Star,23,20,49.5568,30,24,53.716,350.2064867,30.41492111
0.272527,300.24573,8.55766,2000589+083327,7.925,0.0685,3,1.857,0.0328,3,0,0,0,0,300.24573,8.55766,HD189695,19585+0825,F19585+0825,,HR 7648,HD 189695,K5III,5.765,1.478,5.79,1.53,20 00 58.9777,+08 33 27.846,Star,20,0,58.9777,8,33,27.846,300.2457404,8.557735
0.760839,298.56216,8.4616,1954149+082741,7.313,0.0517,3,1.592,0.019,3,0,0,0,0,298.56216,8.4616,HD188310,19518+0819,Z19518+0819,XI AQL,HR 7595,HD 188310,G9.5IIIb,5.512,1.237,5.54,1.27,19 54 14.8816,+08 27 41.230,Star,19,54,14.8816,8,27,41.23,298.5620067,8.461452778
0.749274,292.17621,24.66476,1928422+243953,38.44,0.265,3,8.398,0.0299,3,0,0,0,0,292.17621,24.66476,HD183439,19266+2433,Z19266+2433,ALP VUL,HR 7405,HD 183439,M0.5IIIb,29.67,6.9,28.9,7.0,19 28 42.3299,+24 39 53.657,Star in double system,19,28,42.3299,24,39,53.657,292.1763746,24.66490472
0.623686,350.76918,12.31381,2323046+121849,8.903,0.0175,3,2.027,0.0342,3,0,0,0,0,350.76918,12.31381,HD220363,23205+1202,F23205+1202,66 PEG,HR 8893,HD 220363,K3III,6.931,1.55,7.14,1.56,23 23 04.5685,+12 18 50.077,Double or multiple star,23,23,4.5685,12,18,50.077,350.7690354,12.31391028
0.420288,316.1445,5.50285,2104346+053010,11.94,0.0577,3,2.864,0.124,3,0,0,0,0,316.1445,5.50285,HD200644,21020+0518,F21020+0518,3 EQU,HR 8066,HD 200644,K5III,8.778,2.296,8.68,2.27,21 04 34.6520,+05 30 10.302,Star in double system,21,4,34.652,5,30,10.302,316.1443833,5.502861667
0.501918,303.36531,60.64064,2013276+603826,7.085,0.0153,3,1.679,0.0207,3,0,0,0,0,303.36531,60.64064,HD192781,20125+6029,F20125+6029,,HR 7742,HD 192781,K5III,5.219,1.262,5.41,1.3,20 13 27.6157,+60 38 26.048,Star,20,13,27.6157,60,38,26.048,303.3650654,60.64056889
1.288165,343.00897,43.3124,2252021+431844,22.56,0.103,3,5.066,0.0335,3,0,0,0,0,343.00897,43.3124,HD216397,22497+4302,F22497+4302,15 LAC,HR 8699,HD 216397,M0III,16.31,4.054,16.0,3.97,22 52 02.0349,+43 18 44.702,Star in double system,22,52,2.0349,43,18,44.702,343.0084788,43.31241722
0.046270,274.96546,36.06456,1819517+360352,12.16,0.0298,3,2.634,0.0294,3,0,0,0,0,274.96546,36.06456,HD168775,18181+3602,F18180+3602,KAP LYR,HR 6872,HD 168775,K2-IIIab,9.029,2.13,9.06,2.13,18 19 51.7095,+36 03 52.371,Variable star,18,19,51.7095,36,3,52.371,274.9654563,36.0645475
0.258054,288.85359,30.52631,1915248+303134,16.03,0.085,3,3.664,0.0185,3,0,0,0,0,288.85359,30.52631,HD180450,19134+3026,Z19134+3026,IRC+30364,HR 7302,HD 180450,M0III,12.0,3.054,11.8,3.01,19 15 24.8598,+30 31 34.973,Star in cluster,19,15,24.8598,30,31,34.973,288.8535825,30.52638139
1.159598,313.47452,33.43757,2053538+332615,11.81,0.0325,3,2.739,0.0225,3,0,0,0,0,313.47452,33.43757,HD199101,20518+3314,Z20518+3314,,HR 8005,HD 199101,K5III,8.75,2.182,9.17,2.26,20 53 53.8921,+33 26 16.408,Star in double system,20,53,53.8921,33,26,16.408,313.4745504,33.43789111
0.338344,298.98084,58.84589,1955554+585045,18.89,0.0479,3,4.356,0.0308,3,0,0,0,0,298.98084,58.84589,HD189276,19549+5842,F19549+5842,,HR 7633,HD 189276,K4.5IIIa,13.49,3.449,13.7,3.49,19 55 55.3781,+58 50 45.489,Star,19,55,55.3781,58,50,45.489,298.9807421,58.84596917
0.090853,269.06327,37.25056,1756151+371502,24.22,0.092,3,5.292,0.0221,3,0,0,0,0,269.06327,37.25056,HD163770,17545+3715,F17545+3715,THE HER,HR 6695,HD 163770,K1IIa,17.64,4.26,18.4,4.2,17 56 15.1805,+37 15 01.941,Variable star,17,56,15.1805,37,15,1.941,269.0632521,37.25053917
0.931671,351.99186,6.37883,2327580+062243,10.7,0.063,3,2.297,0.028,3,0,0,0,0,351.99186,6.37883,HD220954,23254+0606,F23254+0606,THE PSC,HR 8916,HD 220954,K0.5III,8.098,1.92,8.14,2.07,23 27 58.0951,+06 22 44.372,Star,23,27,58.0951,6,22,44.372,351.9920629,6.378992222
0.957597,286.2413,31.74384,1904579+314437,,,0,2.631,0.0243,3,,0,,0,286.2413,31.74384,HD177808,19030+3140,F19030+3140,,HR 7237,HD 177808,M0III,7.997,2.037,7.92,2.04,19 04 57.8751,+31 44 38.658,Star,19,4,57.8751,31,44,38.658,286.2411463,31.74407167
0.340222,295.93803,41.77311,1943451+414623,10.09,0.0378,3,2.37,0.0277,3,0,0,0,0,295.93803,41.77311,HD186619,19420+4139,Z19420+4139,,HR 7514,HD 186619,M0IIIab,7.519,1.938,7.45,1.99,19 43 45.0968,+41 46 23.190,Variable star,19,43,45.0968,41,46,23.19,295.9379033,41.77310833
0.432539,317.11727,6.98924,2108281+065921,11.28,0.0692,3,2.662,0.0437,3,0,0,0,0,317.11727,6.98924,HD201298,21059+0647,F21060+0647,,HR 8090,HD 201298,K5III,8.118,2.007,8.11,2.1,21 08 28.1394,+06 59 21.689,Star,21,8,28.1394,6,59,21.689,317.1172475,6.989358056
0.496159,314.56803,22.32601,2058163+221933,9.349,0.00802,3,2.076,0.0345,3,0,0,0,0,314.56803,22.32601,HD199697,20560+2207,F20560+2207,33 VUL,HR 8032,HD 199697,K3.5III,6.835,1.744,6.84,1.74,20 58 16.3511,+22 19 33.267,Star,20,58,16.3511,22,19,33.267,314.5681296,22.3259075
0.814373,353.23557,46.12352,2332565+460724,12.1,0.0494,3,2.82,0.0177,3,0,0,0,0,353.23557,46.12352,HD221588,23305+4550,F23305+4550,,,HD 221588,M0III,8.885,2.265,8.73,2.31,23 32 56.4819,+46 07 25.253,Semi-regular pulsating star,23,32,56.4819,46,7,25.253,353.2353413,46.12368139
0.389886,337.38274,47.70693,2229318+474224,62.4,0.765,3,14.57,0.0609,3,0,0,0,0,337.38274,47.70693,HD213310,22274+4726,Z22274+4727,5 LAC,HR 8572,HD 213310,M0II+B8V,45.9,11.96,47.1,12.1,22 29 31.8222,+47 42 24.792,Double or multiple star,22,29,31.8222,47,42,24.792,337.3825925,47.70688667
0.321446,346.91367,46.38715,2307392+462313,9.069,0.0512,3,2.054,0.0251,3,0,0,0,0,346.91367,46.38715,HD218452,23053+4606,F23053+4606,4 AND,HR 8804,HD 218452,K5III,6.588,1.62,6.53,1.64,23 07 39.2676,+46 23 14.031,Star in double system,23,7,39.2676,46,23,14.031,346.913615,46.38723083
1.908308,354.83552,77.63272,2339205+773757,27.09,0.0879,3,5.721,0.041,3,0,0,0,0,354.83552,77.63272,HD222404,23372+7721,F23372+7721,GAM CEP,HR 8974,HD 222404,K1III-IV,19.67,4.561,20.7,4.59,23 39 20.8490,+77 37 56.193,Variable star,23,39,20.849,77,37,56.193,354.8368708,77.63227583
0.411530,296.56495,10.61337,1946155+103648,113.8,2.1,3,24.42,0.0381,3,0,0,0,0,296.56495,10.61337,HD186791,19438+1029,Z19438+1029,GAM AQL,HR 7525,HD 186791,K3II,79.86,19.62,76.6,20.0,19 46 15.5795,+10 36 47.740,Star in double system,19,46,15.5795,10,36,47.74,296.5649146,10.61326111
0.745975,318.92779,77.01233,2115426+770044,7.719,0.0239,3,1.809,0.0265,3,0,0,0,0,318.92779,77.01233,HD203399,21162+7648,F21162+7647,,HR 8168,HD 203399,K5III,5.539,1.404,5.66,1.41,21 15 42.4513,+77 00 44.266,Star,21,15,42.4513,77,0,44.266,318.9268804,77.01229611
