Cohen,IRAS PSC,IRAS FSC,Name,HR #,HD #,SpectralTypes,12[Jy],25[Jy],12[Jy],25[Jy],R.A.,Decl.,CommentOnSIMBAD,R.A.(h),R.A.(m),R.A.(s),Decl.(deg),Decl.(m),Decl.(s),ra,dec
HD28,00027-0559,F00027-0559,33 PSC,HR 3,HD 28,K0III-IV,6.084,1.455,5.91,1.49,00 05 20.1409,-05 42 27.426,Variable of RS CVn type,0,5,20.1409,-5,42,27.426,1.333920417,-4.292381667
HD720,00090-2804,F00090-2804,KAP 2 SCL,HR 34,HD 720,K2III,5.256,1.223,5.14,1.26,00 11 34.4201,-27 47 59.052,Star in double system,0,11,34.4201,-27,47,59.052,2.893417083,-26.20026333
HD787,00096-1812,F00096-1812,,HR 37,HD 787,K5III,9.339,2.364,9.33,2.37,00 12 09.9860,-17 56 17.800,Star,0,12,9.986,-17,56,17.8,3.041608333,-16.06172222
HD1032,00114-8516,F00114-8516,SAO 258217,HR 47,HD 1032,M0.5III,13.26,3.474,13.6,3.47,00 13 19.6219,-84 59 38.322,Star,0,13,19.6219,-84,59,38.322,3.331757917,-83.00602167
HD1240,00142+4911,F00142+4911,,,HD 1240,M0III,9.54,2.481,9.88,2.48,00 16 53.9578,+49 27 42.894,Variable star,0,16,53.9578,49,27,42.894,4.224824167,49.461915
HD1255,00141+0957,F00141+0958,,,HD 1255,M0III,13.87,3.552,13.7,3.53,00 16 45.6779,+10 14 41.201,Variable star,0,16,45.6779,10,14,41.201,4.190324583,10.24477806
HD1522,00168-0906,F00168-0906,IOTA CET,HR 74,HD 1522,K1III,19.08,4.524,19,4.43,00 19 25.6745,-08 49 26.117,Variable star,0,19,25.6745,-8,49,26.117,4.856977083,-7.176078611
HD1632,00181+3238,F00181+3237,,HR 79,HD 1632,K5III,9.099,2.121,9.02,2.2,00 20 45.5182,+32 54 40.271,Star,0,20,45.5182,32,54,40.271,5.189659167,32.91118639
HD1635,00180+0754,F00180+0754,41 PSC,HR 80,HD 1635,K3-III,5.21,1.402,5.29,1.29,00 20 35.8616,+08 11 24.977,Variable star,0,20,35.8616,8,11,24.977,5.149423333,8.190271389
HD1879,00205-1612,F00205-1613,IRC-20008,,HD 1879,M0III,5.834,1.466,5.84,1.5,00 23 04.3980,-15 56 33.203,Star,0,23,4.398,-15,56,33.203,5.768325,-14.05744361
HD2261,00238-4234,F00238-4234,ALP PHE,HR 99,HD 2261,K0IIIb,55.63,13.07,54.9,13.7,00 26 17.0509,-42 18 21.533,Spectroscopic binary,0,26,17.0509,-42,18,21.533,6.571045417,-41.69401861
HD2436,00256+1610,F00256+1610,48 PSC,HR 106,HD 2436,K5III,5.896,1.382,5.58,1.43,00 28 12.7039,+16 26 42.236,Star,0,28,12.7039,16,26,42.236,7.052932917,16.44506556
HD2486,00262+4808,F00262+4808,,,HD 2486,M0III,17.11,4.706,17.1,4.72,00 28 56.9981,+48 24 49.355,Semi-regular pulsating star,0,28,56.9981,48,24,49.355,7.237492083,48.41370972
HD2637,00274-0414,F00274-0414,12 CET,HR 117,HD 2637,M0III,7.954,2.006,7.99,1.98,00 30 02.3579,-03 57 26.395,Star in double system,0,30,2.3579,-3,57,26.395,7.509824583,-2.042668056
HD3346,00340+4412,F00340+4412,,HR 152,HD 3346,K6III,15.86,3.718,15.7,3.73,00 36 46.4410,+44 29 18.913,Variable star,0,36,46.441,44,29,18.913,9.193504167,44.48858694
HD3712,00376+5615,Z00376+5615,ALP CAS,HR 168,HD 3712,K0-IIIa,60.29,14.23,64.6,13.6,00 40 30.4405,+56 32 14.392,Variable star,0,40,30.4405,56,32,14.392,10.12683542,56.53733111
HD4128,00410-1815,F00410-1815,BET CET,HR 188,HD 4128,K0III,62.16,13.29,59.9,13.6,00 43 35.3711,-17 59 11.777,Variable star,0,43,35.3711,-17,59,11.777,10.89737958,-16.01339528
HD4301,00428-0454,F00428-0454,,HR 201,HD 4301,M0III,7.008,1.84,7.03,1.84,00 45 24.1257,-04 37 44.976,Star,0,45,24.1257,-4,37,44.976,11.35052375,-3.37084
HD4502,00446+2359,F00446+2359,ZET AND,HR 215,HD 4502,K1IIe,12.36,2.847,12.9,2.92,00 47 20.3254,+24 16 01.841,Eclipsing binary of beta Lyr type,0,47,20.3254,24,16,1.841,11.83468917,24.26717806
HD4815,00468-7511,F00468-7511,LAM HYI,HR 236,HD 4815,K5III,7.099,1.685,7.14,1.7,00 48 35.4173,-74 55 24.375,Star,0,48,35.4173,-74,55,24.375,12.14757208,-73.0765625
HD5112,00504-0124,F00504-0125,20 CET,HR 248,HD 5112,M0III,18.18,4.339,17.5,4.11,00 53 00.4943,-01 08 39.337,Star,0,53,0.4943,-1,8,39.337,13.25205958,-0.855739722
HD5234,00520+5842,Z00520+5842,UPS 1 CAS,HR 253,HD 5234,K2III,6.461,1.545,6.88,1.57,00 55 00.1565,+58 58 21.712,Star in double system,0,55,0.1565,58,58,21.712,13.75065208,58.97269778
HD5462,00540+2604,F00540+2604,,,HD 5462,M0III,8.196,2.127,8.26,2.15,00 56 44.5058,+26 20 24.005,Semi-regular pulsating star,0,56,44.5058,26,20,24.005,14.18544083,26.34000139
HD5848,01015+8559,F01015+8559,SAO 181,HR 285,HD 5848,K2II-III,10.78,2.601,11.2,2.57,01 08 44.8773,+86 15 25.525,Star,1,8,44.8773,86,15,25.525,17.18698875,86.25709028
HD6112,01002+5252,Z01001+5252,,,HD 6112,M0III,8.849,2.415,8.98,2.41,01 03 09.8811,+53 08 25.517,Variable Star,1,3,9.8811,53,8,25.517,15.79117125,53.14042139
HD6186,01003+0737,F01003+0737,EPS PSC,HR 294,HD 6186,K0III,7.131,1.833,7.14,1.84,01 02 56.6084,+07 53 24.488,Star,1,2,56.6084,7,53,24.488,15.73586833,7.890135556
HD6805,01060-1026,F01060-1026,ETA CET,HR 334,HD 6805,K2-III,20.92,4.708,21.3,4.74,01 08 35.3916,-10 10 56.151,High-proper-motion star,1,8,35.3916,-10,10,56.151,17.147465,-9.817735833
HD6953,01075+2511,F01075+2511,,HR 341,HD 6953,K7III,5.337,1.358,5.28,1.35,01 10 19.4513,+25 27 27.948,Star,1,10,19.4513,25,27,27.948,17.58104708,25.45776333
HD7318,01110+2419,F01110+2419,PHI PSC,HR 360,HD 7318,K0III,5.935,1.153,6.1,1.25,01 13 44.9471,+24 35 01.367,Star in double system,1,13,44.9471,24,35,1.367,18.43727958,24.58371306
HD7647,01141+4438,F01141+4438,,HR 372,HD 7647,K5III,6.508,1.545,6.44,1.62,01 17 05.0638,+44 54 07.172,Star,1,17,5.0638,44,54,7.172,19.27109917,44.90199222
HD8388,01207+2012,F01207+2012,,HR 397,HD 8388,K7III,9.71,2.458,9.56,2.35,01 23 24.9490,+20 28 08.282,Star,1,23,24.949,20,28,8.282,20.85395417,20.46896722
HD8498,01211-3112,F01211-3112,,HR 400,HD 8498,M0III,9.219,2.333,9.43,2.26,01 23 30.9575,-30 56 44.223,Star,1,23,30.9575,-30,56,44.223,20.87898958,-29.0543825
HD8512,01215-0826,F01215-0826,THE CET,HR 402,HD 8512,K0IIIb,15.55,3.905,15.4,3.85,01 24 01.4050,-08 10 59.724,High proper-motion star,1,24,1.405,-8,10,59.724,21.00585417,-7.816743333
HD8705,01231-1451,F01231-1451,46 CET,HR 412,HD 8705,K2.5IIIb,6.93,1.59,6.63,1.68,01 25 37.2349,-14 35 55.667,Star,1,25,37.2349,-14,35,55.667,21.40514542,-13.40120361
HD8810,01233-6437,F01233-6437,SAO 248381,HR 420,HD 8810,K5III,7.21,1.539,7.25,1.59,01 25 05.3067,-54 22 10.120,Star,1,25,5.3067,-54,22,10.12,21.27211125,-53.63052222
HD9138,01275+0553,F01275+0553,MUU PSC,HR 434,HD 9138,K3III,10.8,2.579,11,2.59,01 30 11.1151,+06 08 37.754,High proper-motion star,1,30,11.1151,6,8,37.754,22.54631292,6.143820556
HD9362,01291-4919,F01291-4920,DEL PHE,HR 440,HD 9362,K0IIIb,9.13,2.261,9.54,2.25,01 31 15.1046,-49 04 21.728,High proper-motion star,1,31,15.1046,-49,4,21.728,22.81293583,-48.92729778
HD9692,01320-2829,F01320-2829,,,HD 9692,M0III,4.979,1.205,5.02,1.25,01 34 23.4099,-28 14 12.026,Variable star,1,34,23.4099,-28,14,12.026,23.59754125,-27.76332611
HD9927,01349+4822,F01349+4822,51 AND,HR 464,HD 9927,K3-III,23.19,5.216,22,5.27,01 37 59.5561,+48 37 41.567,Star,1,37,59.5561,48,37,41.567,24.49815042,48.62821306
HD10110,01370+5336,Z01370+5336,,HR 470,HD 10110,K5III,5.198,1.365,5.13,1.43,01 40 13.1011,+53 52 05.800,Star,1,40,13.1011,53,52,5.8,25.05458792,53.86827778
HD10380,01388+0514,F01388+0514,NUU PSC,HR 489,HD 10380,K3IIIb,13.93,3.389,14.1,3.43,01 41 25.8943,+05 29 15.409,Star,1,41,25.8943,5,29,15.409,25.35789292,5.487613611
HD10550,01401-0356,F01401-0356,,HR 500,HD 10550,K3II-III,7.251,1.673,7.54,1.65,01 42 43.5101,-03 41 24.722,Variable star,1,42,43.5101,-3,41,24.722,25.68129208,-2.309799444
HD11353,01489-1034,F01489-1035,ZET CET,HR 539,HD 11353,K0III,14.87,3.388,14.6,3.33,01 51 27.6336,-10 20 06.136,Spectroscopic binary,1,51,27.6336,-10,20,6.136,27.86514,-9.664962222
HD12524,01596-4457,F01597-4457,CHI 1 PHE,HR 602,HD 12524,K5III,12.62,2.952,12.6,2.92,02 01 42.3763,-44 42 48.532,Star,2,1,42.3763,-44,42,48.532,30.42656792,-43.28651889
HD12929,02043+2313,F02043+2313,ALP ARI,HR 617,HD 12929,K2-IIIab,84.76,20.01,77.8,20.3,02 07 10.4071,+23 27 44.723,Variable star,2,7,10.4071,23,27,44.723,31.79336292,23.46242306
HD13520,02100+4359,F02100+4359,60 AND,HR 643,HD 13520,K3.5III,13.61,3.585,13.5,3.48,02 13 13.3241,+44 13 53.947,Variable star,2,13,13.3241,44,13,53.947,33.30551708,44.23165194
HD13596,02103+1502,F02103+1502,19 ARI,HR 648,HD 13596,M0III,9.036,2.072,9.07,2.05,02 13 03.3053,+15 16 47.494,Variable star,2,13,3.3053,15,16,47.494,33.26377208,15.27985944
HD14146,02150+2846,F02150+2846,,,HD 14146,M0III,5.903,1.473,5.98,1.54,02 17 57.3307,+29 00 26.108,Semi-regular pulsating star,2,17,57.3307,29,0,26.108,34.48887792,29.00725222
HD14641,02182-5610,F02182-5610,SAO 232717,HR 688,HD 14641,K5III,7.443,1.848,7.7,1.89,02 19 54.2710,-55 56 41.266,Star in double system,2,19,54.271,-55,56,41.266,34.97612917,-54.05520389
HD14872,02222+5003,Z02222+5003,65 AND,HR 699,HD 14872,K4.5III,16.03,3.8,16.1,3.92,02 25 37.4227,+50 16 43.072,Star in double system,2,25,37.4227,50,16,43.072,36.40592792,50.27863111
HD14890,02210-3748,F02210-3748,SAO 193679,HR 700,HD 14890,K2III,5.911,1.565,5.74,1.45,02 23 06.5975,-37 34 34.120,Star,2,23,6.5975,-37,34,34.12,35.77748958,-36.42385556
HD15656,02290+3555,F02290+3555,14 TRI,HR 736,HD 15656,K5III,9.944,2.564,10.4,2.49,02 32 06.1705,+36 08 50.177,Star,2,32,6.1705,36,8,50.177,38.02571042,36.14727139
HD16212,02335-0802,F02335-0802,80 CET,HR 759,HD 16212,M0III,11.74,3.753,14.1,3.78,02 36 00.0483,-07 49 53.750,Star in double system,2,36,0.0483,-7,49,53.75,39.00020125,-6.168402778
HD16815,02386-4004,F02386-4004,IOTA ERI,HR 794,HD 16815,K0.5IIIb,9.556,2.24,9.37,2.28,02 40 40.0344,-39 51 19.352,Star,2,40,40.0344,-39,51,19.352,40.16681,-38.14462444
HD17361,02449+2902,F02449+2902,39 ARI,HR 824,HD 17361,K1.5III,6.57,1.596,6.64,1.62,02 47 54.5407,+29 14 49.625,Star,2,47,54.5407,29,14,49.625,41.97725292,29.24711806
HD17709,02484+3451,F02484+3451,17 PER,HR 843,HD 17709,K5.5III,23.24,5.635,22.8,5.45,02 51 30.8375,+35 03 35.068,Variable star,2,51,30.8375,35,3,35.068,42.87848958,35.05974111
HD18293,02507-7516,F02507-7516,NU HYI,HR 872,HD 18293,K3III,8.252,2.069,8.58,2.16,02 50 28.4600,-75 04 01.010,Star,2,50,28.46,-75,4,1.01,42.61858333,-74.93305278
HD18449,02559+3459,F02559+3459,24 PER,HR 882,HD 18449,K2III,6.401,1.487,6.59,1.52,02 59 03.6766,+35 10 59.262,Star,2,59,3.6766,35,10,59.262,44.76531917,35.18312833
HD19460,03055+1836,F03055+1836,54 ARI,HR 940,HD 19460,M0III,5.552,1.369,5.43,1.36,03 08 21.1090,+18 47 42.190,Star,3,8,21.109,18,47,42.19,47.08795417,18.79505278
HD19476,03061+4440,F03061+4440,KAP PER,HR 941,HD 19476,K0III,9.934,2.338,10,2.41,03 09 29.7715,+44 51 27.157,Variable star,3,9,29.7715,44,51,27.157,47.37404792,44.85754361
HD19656,03080+3925,F03080+3925,OME PER,HR 947,HD 19656,K1III,6.248,1.472,6.28,1.51,03 11 17.3816,+39 36 41.697,Star in double system,3,11,17.3816,39,36,41.697,47.82242333,39.6115825
HD20356,03138-0554,F03138-0554,,,HD 20356,K5III,5.36,1.343,5.41,1.33,03 16 21.7239,-05 43 49.669,Star,3,16,21.7239,-5,43,49.669,49.09051625,-4.269536389
HD20468,03155+3402,F03155+3402,,HR 991,HD 20468,K2IIb,11,2.655,10.7,2.65,03 18 43.8249,+34 13 21.549,Star,3,18,43.8249,34,13,21.549,49.68260375,34.2226525
HD20644,03173+2852,F03172+2852,,HR 999,HD 20644,K3IIIa,21.39,5.003,21.2,4.96,03 20 20.3608,+29 02 54.450,Star,3,20,20.3608,29,2,54.45,50.08483667,29.04845833
HD20893,03198+2033,F03198+2033,TAU 2 ARI,HR 1015,HD 20893,K3III,5.72,1.304,5.58,1.29,03 22 45.2415,+20 44 31.448,Star,3,22,45.2415,20,44,31.448,50.68850625,20.74206889
HD21552,03270+4749,Z03270+4749,SIG PER,HR 1052,HD 21552,K3III,16.02,3.8,16.1,3.73,03 30 34.4835,+47 59 42.778,Variable star,3,30,34.4835,47,59,42.778,52.64368125,47.99521611
HD22663,03352-4026,F03352-4026,SAO 216405,HR 1106,HD 22663,K1III,6.186,1.517,6.53,1.57,03 37 05.6802,-40 16 28.363,Star,3,37,5.6802,-40,16,28.363,54.2736675,-39.72545472
HD23249,03408-0955,F03408-0955,DEL ERI,HR 1136,HD 23249,K0+IV,11.64,2.666,11.7,2.67,03 43 14.9018,-09 45 48.221,Variable of RS CVn type,3,43,14.9018,-9,45,48.221,55.81209083,-8.236605278
HD23319,03409-3728,F03409-3728,SAO 194475,HR 1143,HD 23319,K2.5III,7.687,1.591,7.71,1.64,03 42 50.0555,-37 18 48.666,Star in double system,3,42,50.0555,-37,18,48.666,55.70856458,-36.68648167
HD23817,03435-6457,F03436-6457,BET RET,HR 1175,HD 23817,K2III,13.35,3.172,13.7,3.33,03 44 11.9775,-64 48 24.850,Spectroscopic binary,3,44,11.9775,-64,48,24.85,56.04990625,-63.19309722
HD25025,03557-1339,F03556-1339,GAM ERI,HR 1231,HD 25025,M0.5IIIb,110.8,27.33,110,27,03 58 01.7665,-13 30 30.655,Variable star,3,58,1.7665,-13,30,30.655,59.50736042,-12.49148472
HD25165,03571-1242,F03571-1242,,HR 1235,HD 25165,K5III,6.428,1.528,6.57,1.58,03 59 30.1317,-12 34 27.929,Star,3,59,30.1317,-12,34,27.929,59.87554875,-11.42557528
HD25274,04009+6832,F04009+6832,,HR 1241,HD 25274,K2III,6.643,1.666,6.63,1.68,04 06 03.1821,+68 40 47.901,Star,4,6,3.1821,68,40,47.901,61.51325875,68.6799725
HD25477,04004+0844,F04004+0844,,,HD 25477,K5III,6.254,1.474,6.26,1.44,04 03 10.5851,+08 52 57.520,Star,4,3,10.5851,8,52,57.52,60.79410458,8.882644444
HD26311,04077+3327,F04077+3327,,HR 1286,HD 26311,K1II-III,5.081,1.287,5,1.31,04 10 59.0209,+33 35 12.452,Star,4,10,59.0209,33,35,12.452,62.74592042,33.58679222
HD26526,04097+3224,F04097+3224,,,HD 26526,M0III,5.191,1.283,5.21,1.33,04 12 58.4434,+32 31 57.823,Star,4,12,58.4434,32,31,57.823,63.24351417,32.53272861
HD26846,04120-1022,F04120-1022,39 ERI,HR 1318,HD 26846,K3III,5.586,1.376,5.62,1.39,04 14 23.6887,-10 15 22.619,Star in double system,4,14,23.6887,-10,15,22.619,63.59870292,-9.743716944
HD26967,04123-4225,F04123-4225,ALP HOR,HR 1326,HD 26967,K2III,13.43,3.102,13.5,2.93,04 14 00.1143,-42 17 39.725,High proper-motion star,4,14,0.1143,-42,17,39.725,63.50047625,-41.70563194
HD27442,04156-5925,F04156-5925,EPS RET,HR 1355,HD 27442,K2IVa,6.619,1.484,6.81,1.52,04 16 29.0287,-59 18 07.763,Star in double system,4,16,29.0287,-59,18,7.763,64.12095292,-58.69784361
HD27482,04181+2713,F04181+2713,,,HD 27482,K5III,7.11,1.703,6.43,1.77,04 21 15.2587,+27 21 00.883,Star,4,21,15.2587,27,21,0.883,65.31357792,27.35024528
HD27639,04194+2042,F04194+2042,,HR 1370,HD 27639,M0IIIab,13.75,3.41,13.7,3.65,04 22 22.7298,+20 49 17.097,Double or multiple star,4,22,22.7298,20,49,17.097,65.5947075,20.82141583
HD27697,04200+1725,F04200+1725,DEL 1 TAU,HR 1373,HD 27697,G9.5III,10.32,2.205,10.1,2.21,04 22 56.0933,+17 32 33.051,binary,4,22,56.0933,17,32,33.051,65.73372208,17.54251417
HD28305,04256+1904,F04256+1904,EPS TAU,HR 1409,HD 28305,G9.5III,13.19,3.199,12.9,3.18,04 28 36.9995,+19 10 49.554,Star in double system,4,28,36.9995,19,10,49.554,67.15416458,19.18043167
HD28413,04243-6121,F04243-6120,SAO 249016,HR 1416,HD 28413,K4.5III,5.501,1.333,5.52,1.4,04 25 05.3373,-61 14 17.497,Star,4,25,5.3373,-61,14,17.497,66.27223875,-60.76180639
HD28749,04293-0009,F04293-0009,45 ERI,HR 1437,HD 28749,K3II-III,7.643,1.754,7.29,1.75,04 31 52.6673,-00 02 38.440,Star,4,31,52.6673,0,2,38.44,67.96944708,0.044011111
HD29085,04315-2952,F04315-2952,UPS 1 ERI,HR 1453,HD 29085,K0+III,6.071,1.372,6.43,1.44,04 33 30.5527,-29 45 59.371,Variable star,4,33,30.5527,-29,45,59.371,68.37730292,-28.23350806
HD29503,04358-1424,F04358-1424,53 ERI,HR 1481,HD 29503,K1.5IIIb,13.63,3.098,14.1,3.09,04 38 10.8241,-14 18 14.471,Double or multiple star,4,38,10.8241,-14,18,14.471,69.54510042,-13.69598028
HD30080,04412-3051,F04412-3051,,HR 1509,HD 30080,K2III,5.048,1.267,5.54,1.26,04 43 09.2933,-30 45 56.005,Star,4,43,9.2933,-30,45,56.005,70.78872208,-29.23444306
HD30338,04509+8107,F04509+8107,SAO 783,HR 1523,HD 30338,K3III,6.673,1.617,6.49,1.61,05 00 20.7207,+81 11 38.716,Star,5,0,20.7207,81,11,38.716,75.08633625,81.19408778
HD31312,04559+7411,F04559+7411,,HR 1572,HD 31312,K5III,5.658,1.373,5.55,1.33,05 02 19.8135,+74 16 09.724,Star,5,2,19.8135,74,16,9.724,75.58255625,74.26936778
HD31398,04537+3305,Z04537+3305,IOTA AUR,HR 1577,HD 31398,K3II,87.21,20.31,87.3,20.6,04 56 59.6187,+33 09 57.925,Variable star,4,56,59.6187,33,9,57.925,74.24841125,33.16609028
HD31421,04535+1326,F04535+1326,OMI 2 ORI,HR 1580,HD 31421,K2-III,13.34,3.157,13.6,3.09,04 56 22.2744,+13 30 52.077,Star in double system,4,56,22.2744,13,30,52.077,74.09281,13.51446583
HD31767,04559+0138,F04559+0138,PI 6 ORI,HR 1601,HD 31767,K2-II,12.93,3.103,12.8,3.08,04 58 32.9019,+01 42 50.457,Variable star,4,58,32.9019,1,42,50.457,74.63709125,1.714015833
HD32820,05026-3532,F05026-3532,GAM 1 CAE,HR 1652,HD 32820,K3III,8.578,2.011,8.9,2.14,05 03 53.9530,-41 44 41.821,"Star -19 22 11.564 , Star>",5,3,53.953,-41,44,41.821,75.97480417,-40.25504972
HD32887,05033-2226,F05033-2226,EPS LEP,HR 1654,HD 32887,K4III,56.34,13.03,56.8,15.7,05 05 27.6643,-22 22 15.717,Variable Star,5,5,27.6643,-22,22,15.717,76.36526792,-21.6289675
HD33554,05088+1559,F05088+1559,,HR 1684,HD 33554,K5III,11.18,2.76,10.9,2.71,05 11 41.5635,+16 02 44.423,Star,5,11,41.5635,16,2,44.423,77.92318125,16.04567306
HD33856,05107+0248,F05106+0248,RHO ORI,HR 1698,HD 33856,K1III,8.941,1.988,9.01,1.95,05 13 17.4814,+02 51 40.556,Spectroscopic binary,5,13,17.4814,2,51,40.556,78.32283917,2.861265556
HD33872,05098-3727,F05098-3727,SAO 195639,HR 1699,HD 33872,K5III,5.412,1.335,5.54,1.42,05 11 35.8375,-37 23 43.012,Star,5,11,35.8375,-37,23,43.012,77.89932292,-36.60471889
HD34334,05149+3319,Z05149+3319,16 AUR,HR 1726,HD 34334,K2.5III,11.56,2.7,12.3,2.65,05 18 10.5690,+33 22 17.806,Spectroscopic binary,5,18,10.569,33,22,17.806,79.5440375,33.37161278
HD34450,05186+7339,F05186+7339,,,HD 34450,M0.5III,7.42,1.849,7.62,1.8,05 24 59.4159,+73 42 25.912,Star,5,24,59.4159,73,42,25.912,81.24756625,73.70719778
HD35536,05226-1022,F05226-1022,,HR 1799,HD 35536,K5III,7.474,1.729,7.71,1.74,05 25 01.7441,-10 19 43.993,Star,5,25,1.7441,-10,19,43.993,81.25726708,-9.671113056
HD36167,05271-0107,F05271-0107,31 ORI,HR 1834,HD 36167,K5III,20.05,4.725,19.9,5.02,05 29 43.9817,-01 05 32.060,Variable star,5,29,43.9817,-1,5,32.06,82.43325708,-0.907761111
HD36678,05324+5423,F05324+5423,,HR 1866,HD 36678,M0III,9.57,2.504,10.5,2.52,05 36 35.2177,+54 25 43.171,Variable star,5,36,35.2177,54,25,43.171,84.14674042,54.42865861
HD37160,05341+0915,F05341+0915,PHI 2 ORI,HR 1907,HD 37160,K0IIIb,9.421,2.02,9.37,2.16,05 36 54.4879,+09 17 26.422,High proper-motion star,5,36,54.4879,9,17,26.422,84.22703292,9.290672778
HD37984,05398+0127,F05398+0127,51 ORI,HR 1963,HD 37984,K1III,6.61,1.486,6.76,1.6,05 42 28.6321,+01 28 28.664,Star,5,42,28.6321,1,28,28.664,85.61930042,1.474628889
HD38944,05476+3717,Z05476+3717,UPS AUR,HR 2011,HD 38944,M0III,26.56,6.493,26.7,6.79,05 51 02.4374,+37 18 20.063,Variable star,5,51,2.4374,37,18,20.063,87.76015583,37.30557306
HD39003,05480+3908,Z05480+3908,NUU AUR,HR 2012,HD 39003,K0III,11.88,2.548,11.7,2.63,05 51 29.3990,+39 08 54.529,Star in double system,5,51,29.399,39,8,54.529,87.87249583,39.14848028
HD39364,05491-2053,F05491-2053,DEL LEP,HR 2035,HD 39364,K0III,12.99,3.262,13.2,3.3,05 51 19.2957,-20 52 44.719,High proper-motion star,5,51,19.2957,-20,52,44.719,87.83039875,-19.12091139
HD39400,05498+0150,F05498+0150,56 ORI,HR 2037,HD 39400,K1.5IIb,10.81,2.343,10.7,2.47,05 52 26.4386,+01 51 18.482,Variable star,5,52,26.4386,1,51,18.482,88.11016083,1.855133889
HD39425,05491-3546,F05492-3546,BET COL,HR 2040,HD 39425,K1.5III,29.15,6.471,28,6.46,05 50 57.5929,-35 46 05.911,High proper-motion star,5,50,57.5929,-35,46,5.911,87.73997042,-34.23169139
HD39523,05489-5610,F05489-5610,GAM PIC,HR 2042,HD 39523,K1III,6.927,1.665,6.81,1.69,05 49 49.6623,-56 09 59.987,Star,5,49,49.6623,-56,9,59.987,87.45692625,-55.83333694
HD39853,05523-1146,F05523-1146,,HR 2065,HD 39853,K5III,8.806,2.187,8.68,2.24,05 54 43.6305,-11 46 27.092,Star,5,54,43.6305,-11,46,27.092,88.68179375,-10.22580778
HD40035,05554+5416,F05554+5416,DEL AUR,HR 2077,HD 40035,K0-III,11.53,2.704,11.7,2.68,05 59 31.6366,+54 17 04.762,Star in double system,5,59,31.6366,54,17,4.762,89.88181917,54.28465611
HD40091,05532-3957,F05532-3957,SAO 196309,HR 2082,HD 40091,K6III,9.823,2.512,9.87,2.5,05 54 52.4843,-39 57 28.285,Star,5,54,52.4843,-39,57,28.285,88.71868458,-38.04214306
HD40808,05576-4249,F05576-4249,ETA COL,HR 2120,HD 40808,K0III,12.06,2.931,11.9,2.8,05 59 08.8053,-42 48 54.488,Star,5,59,8.8053,-42,48,54.488,89.78668875,-41.18486444
HD41047,05594-3354,F05594-3354,AFGL 4463S,HR 2131,HD 41047,K5III,9.25,2.379,9.45,2.38,06 01 16.2979,-33 54 42.608,Star,6,1,16.2979,-33,54,42.608,90.31790792,-32.08816444
HD41312,06012-2616,F06012-2616,,HR 2140,HD 41312,K3III,9.127,2.348,9.37,2.37,06 03 15.6041,-26 17 04.360,Double or multiple star,6,3,15.6041,-26,17,4.36,90.81501708,-25.71545556
HD42540,06065-6208,F06066-6208,SAO 249451,HR 2196,HD 42540,K2.5III,5.907,1.438,6.33,1.49,06 07 03.3896,-62 09 16.490,Variable star,6,7,3.3896,-62,9,16.49,91.76412333,-61.84541944
HD42633,06111+6000,F06111+6000,40 CAM,HR 2201,HD 42633,K3III,5.306,1.238,5.45,1.28,06 16 40.5411,+59 59 56.312,Star in double system,6,16,40.5411,59,59,56.312,94.16892125,59.99897556
HD43785,06147-3507,F06147-3507,KAP COL,HR 2256,HD 43785,K0.5IIIa,5.784,1.378,6.16,1.45,06 16 33.1357,-35 08 25.867,Variable star,6,16,33.1357,-35,8,25.867,94.13806542,-34.85948139
HD44951,06218-1130,F06218-1130,,HR 2305,HD 44951,K3III,5.172,1.249,5.29,1.3,06 24 10.3201,-11 31 48.316,Star,6,24,10.3201,-11,31,48.316,96.04300042,-10.46991222
HD45018,06218-2532,F06219-2532,,HR 2311,HD 45018,K5III,9.503,2.275,9.32,2.31,06 23 55.9162,-25 34 39.466,Star,6,23,55.9162,-25,34,39.466,95.98298417,-24.42237056
HD45669,06231-6957,F06231-6957,PI 1 DOR,HR 2352,HD 45669,K5III,7.048,1.74,7.28,1.71,06 22 38.2745,-69 59 02.556,Star,6,22,38.2745,-69,59,2.556,95.65947708,-68.01595667
HD45866,06327+7802,F06327+7802,,HR 2363,HD 45866,K5III,5.322,1.327,5.45,1.34,06 40 28.8772,+77 59 44.817,Star,6,40,28.8772,77,59,44.817,100.1203217,77.9957825
HD46037,06280-1910,F06280-1910,,,HD 46037,M0-1III,7.126,1.812,7.12,1.84,06 30 11.8178,-19 12 53.602,Star,6,30,11.8178,-19,12,53.602,97.54924083,-18.78511056
HD46184,06290-1221,F06290-1221,,HR 2379,HD 46184,K3III,5.332,1.239,5.2,1.25,06 31 23.0449,-12 23 31.030,Star in double system,6,31,23.0449,-12,23,31.03,97.84602042,-11.60804722
HD46815,06320-3611,F06320-3611,AFGL 4509S,HR 2411,HD 46815,K3III,5.68,1.391,5.71,1.37,06 33 49.4803,-36 13 55.305,Star,6,33,49.4803,-36,13,55.305,98.45616792,-35.76797083
HD47174,06357+4232,F06357+4232,PSI 2 AUR,HR 2427,HD 47174,K2-III,7.349,1.572,7.7,1.63,06 39 19.8263,+42 29 19.957,Star in double system,6,39,19.8263,42,29,19.957,99.83260958,42.48887694
HD47182,06344-1316,Z06344-1316,,HR 2428,HD 47182,K4-5III,6.045,1.477,6.24,1.45,06 36 46.5991,-13 19 15.729,Star,6,36,46.5991,-13,19,15.729,99.19416292,-12.67896417
HD47205,06345-1912,F06344-1912,NUU 2 CMA,HR 2429,HD 47205,K1.5III-IV,9.804,2.336,9.66,2.3,06 36 41.0374,-19 15 21.165,Variable star,6,36,41.0374,-19,15,21.165,99.17098917,-18.74412083
HD47536,06359-3217,F06359-3217,,HR 2447,HD 47536,K2III,5.274,1.256,5.12,1.27,06 37 47.6189,-32 20 23.045,Star,6,37,47.6189,-32,20,23.045,99.44841208,-31.66026528
HD47667,06369-1405,Z06370-1406,,HR 2450,HD 47667,K2IIIa,11.45,2.925,11.5,3.01,06 39 16.7191,-14 08 44.749,Star,6,39,16.7191,-14,8,44.749,99.81966292,-13.85423639
HD47914,06394+4434,F06394+4434,PSI 4 AUR,HR 2459,HD 47914,K5III,10.48,2.572,11.1,2.71,06 43 04.9715,+44 31 28.020,Star,6,43,4.9715,44,31,28.02,100.7707146,44.52445
HD48217,06395-0907,Z06395-0907,,HR 2469,HD 48217,M0III,11,2.62,11.1,2.69,06 41 56.3869,-09 10 03.132,Star,6,41,56.3869,-9,10,3.132,100.4849454,-8.832463333
HD48433,06411+1316,Z06411+1316,30 GEM,HR 2478,HD 48433,K0.5III,8.245,1.959,8.48,1.99,06 43 59.2927,+13 13 40.862,Star in double system,6,43,59.2927,13,13,40.862,100.9970529,13.22801722
HD49293,06452+0228,Z06452+0228,18 MON,HR 2506,HD 49293,K0+IIIa,7.054,1.625,7.25,1.7,06 47 51.6493,+02 24 43.773,Star,6,47,51.6493,2,24,43.773,101.9652054,2.412159167
HD49517,06447-5221,F06447-5221,SAO 234699,HR 2515,HD 49517,K3III,5.102,1.232,5.34,1.25,06 45 53.7179,-52 24 34.889,Star,6,45,53.7179,-52,24,34.889,101.4738246,-51.59030861
HD49520,06472+4150,F06472+4150,PSI 7 AUR,HR 2516,HD 49520,K3III,6.284,1.395,6.24,1.45,06 50 45.9444,+41 46 52.428,Star in double system,6,50,45.9444,41,46,52.428,102.691435,41.78123
HD49877,06463-5528,F06463-5529,SAO 234710,HR 2526,HD 49877,K5III,7.577,1.961,7.6,2,06 47 18.7091,-55 32 23.958,Variable star,6,47,18.7091,-55,32,23.958,101.8279546,-54.46001167
HD49968,06489+2339,F06489+2339,,HR 2533,HD 49968,K5III,5.639,1.394,5.83,1.42,06 51 59.9867,+23 36 06.185,Star,6,51,59.9867,23,36,6.185,102.9999446,23.60171806
HD50235,06490-3418,F06490-3418,SAO 197277,HR 2549,HD 50235,K5III,7.442,1.906,7.32,1.99,06 50 52.3525,-34 22 02.347,Star,6,50,52.3525,-34,22,2.347,102.7181354,-33.63268139
HD50310,06486-5033,F06486-5033,TAU PUP,HR 2553,HD 50310,K1III,33.24,8.374,34.1,8.49,06 49 56.1683,-50 36 52.415,Spectroscopic binary,6,49,56.1683,-50,36,52.415,102.4840346,-49.38544028
HD52960,07008+1101,Z07008+1101,,HR 2649,HD 52960,K3III,6.955,1.657,7.07,1.7,07 03 38.0719,+10 57 06.540,Star,7,3,38.0719,10,57,6.54,105.9086329,10.95181667
HD52976,07010+1240,Z07010+1240,,HR 2651,HD 52976,K6III,5.81,1.433,5.53,1.45,07 03 51.5990,+12 35 39.273,Star,7,3,51.599,12,35,39.273,105.9649958,12.5942425
HD53287,07025+3128,F07025+3128,,,HD 53287,M0III,6.625,1.627,6.43,1.72,07 05 47.2485,+31 23 35.804,Star,7,5,47.2485,31,23,35.804,106.4468688,31.39327889
HD53501,06599-6750,F06599-6750,SAO 249704,HR 2662,HD 53501,K3III,6.763,1.686,6.86,1.63,06 59 50.5361,-67 54 59.194,Star,6,59,50.5361,-67,54,59.194,104.9605671,-66.08355722
HD53510,07029+0915,Z07029+0915,,HR 2663,HD 53510,M0III,6.074,1.505,6.22,1.56,07 05 39.0258,+09 11 08.881,Star,7,5,39.0258,9,11,8.881,106.4126075,9.185800278
HD54716,07082+3924,F07082+3924,63 AUR,HR 2696,HD 54716,K3.5III,11.19,2.717,11.2,2.7,07 11 39.3257,+39 19 13.976,Star,7,11,39.3257,39,19,13.976,107.9138571,39.32054889
HD55526,07094-4850,F07094-4851,SAO 218514,HR 2719,HD 55526,K2III,5.941,1.458,6.04,1.48,07 10 47.4834,-48 55 55.554,High proper-motion star,7,10,47.4834,-48,55,55.554,107.6978475,-47.06790167
HD55775,07116-0348,Z07117-0348,,HR 2731,HD 55775,K5III,6.888,1.702,6.8,1.74,07 14 10.8508,-03 54 06.404,Double or multiple star,7,14,10.8508,-3,54,6.404,108.5452117,-2.098221111
HD55865,07091-7025,F07091-7024,GAM 2 VOL,HR 2736,HD 55865,K0III,12.13,2.791,12.4,2.87,07 08 44.8659,-70 29 56.154,Star in double system,7,8,44.8659,-70,29,56.154,107.1869413,-69.50106833
HD57423,07189+2032,F07189+2032,56 GEM,HR 2795,HD 57423,M0IIIab,12.62,2.962,12.8,3.19,07 21 56.8607,+20 26 37.170,Variable star,7,21,56.8607,20,26,37.17,110.4869196,20.44365833
HD57646,07210+5159,F07210+5159,,HR 2804,HD 57646,K5III,7.515,1.849,7.43,1.99,07 24 57.0877,+51 53 14.131,Star,7,24,57.0877,51,53,14.131,111.2378654,51.88725861
HD59294,07270+1206,F07270+1206,6 CMI,HR 2864,HD 59294,K1III,9.693,2.319,9.53,2.33,07 29 47.7829,+12 00 23.631,Variable star,7,29,47.7829,12,0,23.631,112.4490954,12.00656417
HD59311,07267-0148,Z07267-0148,,HR 2865,HD 59311,K5III,6.615,1.674,6.46,1.68,07 29 18.6686,-01 54 19.184,Star,7,29,18.6686,-1,54,19.184,112.3277858,-0.094671111
HD59381,07269-1013,Z07270-1013,,HR 2867,HD 59381,K5III,7.789,1.752,7.79,1.81,07 29 22.1067,-10 19 35.989,Variable star,7,29,22.1067,-10,19,35.989,112.3421113,-9.673336389
HD59717,07276-4311,F07276-4311,SIG PUP,HR 2878,HD 59717,K5III,70.46,17.12,68.1,17.2,07 29 13.8303,-43 18 05.157,Spectroscopic binary,7,29,13.8303,-43,18,5.157,112.3076263,-42.6985675
HD60522,07328+2700,F07328+2700,UPS GEM,HR 2905,HD 60522,M0III-IIIb,36.43,8.48,35.5,8.28,07 35 55.3464,+26 53 44.667,Variable star,7,35,55.3464,26,53,44.667,113.98061,26.89574083
HD61248,07344-5225,F07344-5225,SAO 235336,HR 2934,HD 61248,K3III,9.232,2.359,9.56,2.39,07 35 39.7227,-52 32 01.810,Variable star,7,35,39.7227,-52,32,1.81,113.9155113,-51.46616389
HD61294,07368+3827,F07368+3827,,HR 2935,HD 61294,M0III,9.12,2.276,9.11,2.36,07 40 14.6925,+38 20 40.339,Variable star,7,40,14.6925,38,20,40.339,115.0612188,38.34453861
HD61338,07366+1747,F07365+1747,74 GEM,HR 2938,HD 61338,K5III,16.37,3.95,16.2,4.05,07 39 28.5925,+17 40 28.268,Variable star,7,39,28.5925,17,40,28.268,114.8691354,17.67451889
HD61603,07379+2308,F07380+2307,,HR 2951,HD 61603,K5III,6.092,1.356,5.82,1.48,07 40 58.5183,+23 01 06.696,Star,7,40,58.5183,23,1,6.696,115.2438263,23.01852667
HD61935,07388-0926,Z07388-0926,ALP MON,HR 2970,HD 61935,K0III,10.32,2.461,10.2,2.37,07 41 14.8324,-09 33 04.071,Star,7,41,14.8324,-9,33,4.071,115.3118017,-8.448869167
HD62044,07401+2900,F07402+2900,SIG GEM,HR 2973,HD 62044,K1III,11.72,2.531,12.4,2.47,07 43 18.7265,+28 53 00.635,Variable of RS CVn type,7,43,18.7265,28,53,0.635,115.8280271,28.88350972
HD62285,07410+2554,F07410+2554,76 GEM,HR 2983,HD 62285,K4.5III,10.82,2.407,10.9,2.47,07 44 06.9147,+25 47 02.972,Variable star,7,44,6.9147,25,47,2.972,116.0288113,25.78415889
HD62689,07381-7731,F07382-7731,SAO 256431,HR 3000,HD 62689,M0III,5.923,1.333,6.04,1.4,07 36 04.1977,-77 38 02.791,Star,7,36,4.1977,-77,38,2.791,114.0174904,-76.36589139
HD62721,07432+1837,F07432+1837,81 GEM,HR 3003,HD 62721,K5III,13.67,3.299,13.6,3.29,07 46 07.4473,+18 30 36.157,Star,7,46,7.4473,18,30,36.157,116.5310304,18.51004361
HD62902,07435-0638,Z07435-0638,,HR 3014,HD 62902,K5III,4.984,1.231,4.96,1.3,07 46 02.1902,-06 46 21.039,Star,7,46,2.1902,-6,46,21.039,116.5091258,-5.227489167
HD63295,07424-7229,F07424-7229,ZET VOL,HR 3024,HD 63295,K0III,10.24,2.438,11,2.46,07 41 49.2612,-72 36 21.953,Star in double system,7,41,49.2612,-72,36,21.953,115.455255,-71.39390194
HD63696,07473-1357,Z07473-1357,,,HD 63696,K5III,6.915,1.702,7.13,1.74,07 49 39.9756,-14 05 07.294,Variable star,7,49,39.9756,-14,5,7.294,117.416565,-13.91464056
HD63697,07474-1706,Z07474-1706,6 PUP,HR 3044,HD 63697,K3III,5.702,1.4,5.66,1.29,07 49 41.2013,-17 13 42.268,Star,7,49,41.2013,-17,13,42.268,117.4216721,-16.77159222
HD63744,07468-4656,F07468-4657,SAO 219018,HR 3046,HD 63744,K0III,5.415,1.291,5.38,1.3,07 48 20.1609,-47 04 39.801,Star,7,48,20.1609,-47,4,39.801,117.0840038,-46.9222775
HD64307,07542+7403,F07543+7403,,HR 3075,HD 64307,K3III,6.442,1.592,6.33,1.63,08 00 11.7384,+73 55 04.509,Star,8,0,11.7384,73,55,4.509,120.04891,73.91791917
HD65662,07554-6023,F07554-6023,SAO 250019,HR 3120,HD 65662,K3.5II-III,5.911,1.528,5.88,1.56,07 56 18.6491,-60 31 35.169,Star in cluster,7,56,18.6491,-60,31,35.169,119.0777046,-59.47356417
HD65695,07572-0332,F07572-0332,27 MON,HR 3122,HD 65695,K2III,6.179,1.503,6.28,1.5,07 59 44.1525,-03 40 46.498,Star,7,59,44.1525,-3,40,46.498,119.9339688,-2.320417222
HD66141,07596+0228,F07596+0228,,HR 3145,HD 66141,K2IIIb,12.12,2.854,12.2,2.91,08 02 15.9369,+02 20 04.454,Star in double system,8,2,15.9369,2,20,4.454,120.5664038,2.334570556
HD67582,08050-4507,Z08050-4507,SAO 219422,HR 3187,HD 67582,K3III,9.139,2.187,9.33,2.19,08 06 40.3395,-45 15 57.656,Variable star,8,6,40.3395,-45,15,57.656,121.6680813,-44.73398444
HD70272,08194+4320,F08193+4321,31 LYN,HR 3275,HD 70272,K4.5III,27.53,6.495,28.5,6.55,08 22 50.1096,+43 11 17.270,Variable star,8,22,50.1096,43,11,17.27,125.70879,43.18813056
HD70555,08194-3253,Z08194-3253,,HR 3282,HD 70555,K2.5II-III,10.32,2.514,10.1,2.52,08 21 23.0265,-33 03 15.718,Star,8,21,23.0265,-33,3,15.718,125.3459438,-32.94563389
HD71093,08234+2803,F08233+2803,PHI 1 CNC,HR 3304,HD 71093,K5III,5.207,1.368,5.22,1.31,08 26 27.7052,+27 53 36.899,Star in double system,8,26,27.7052,27,53,36.899,126.6154383,27.89358306
HD71095,08229+0215,F08229+0216,,HR 3305,HD 71095,K5III,6.077,1.59,6.04,1.55,08 25 35.5378,+02 06 07.954,Star,8,25,35.5378,2,6,7.954,126.3980742,2.102209444
HD71701,08221-7719,F08221-7719,THE CHA,HR 3340,HD 71701,K2III,8.593,2.092,8.6,2.1,08 20 38.5405,-77 29 04.118,Star in double system,8,20,38.5405,-77,29,4.118,125.1605854,-76.51552278
HD71878,08252-6558,F08251-6558,BET VOL,HR 3347,HD 71878,K1III,14.57,3.641,14.5,3.6,08 25 44.1946,-66 08 12.805,Variable star,8,25,44.1946,-66,8,12.805,126.4341442,-65.86310972
HD72094,08287+1815,F08287+1815,THE CNC,HR 3357,HD 72094,K5III,13.69,2.982,13.2,3.08,08 31 35.7301,+18 05 39.913,Star in double system,8,31,35.7301,18,5,39.913,127.8988754,18.09442028
HD73108,08358+6430,F08358+6430,PI 2 UMA,HR 3403,HD 73108,K1+IIIb,8.34,2.039,8.28,1.95,08 40 12.8186,+64 19 40.570,Star,8,40,12.8186,64,19,40.57,130.0534108,64.32793611
HD73471,08361+0331,F08361+0331,SIG HYA,HR 3418,HD 73471,K1III,8.683,2.067,8.4,2.1,08 38 45.4377,+03 20 29.167,Star,8,38,45.4377,3,20,29.167,129.6893238,3.341435278
HD73603,08364-1933,F08364-1933,,HR 3425,HD 73603,K5III,7.529,1.921,7.46,1.9,08 38 40.2927,-19 44 12.854,Star,8,38,40.2927,-19,44,12.854,129.6678863,-18.26309611
HD74442,08418+1820,F08418+1820,DEL CNC,HR 3461,HD 74442,K0IIIb,11.32,2.585,11.2,2.6,08 44 41.0996,+18 09 15.511,High proper-motion star,8,44,41.0996,18,9,15.511,131.1712483,18.15430861
HD74860,08437-1049,F08437-1049,,HR 3480,HD 74860,K5III,5.866,1.527,5.82,1.54,08 46 06.8738,-11 00 24.363,Double or multiple star,8,46,6.8738,-11,0,24.363,131.5286408,-10.9932325
HD75691,08484-2731,F08484-2731,GAM PYX,HR 3518,HD 75691,K2.5III,16.61,4.006,16.3,4,08 50 31.9233,-27 42 35.440,Star,8,50,31.9233,-27,42,35.44,132.6330138,-26.29015556
HD76110,08508-3832,Z08508-3832,SAO 199737,HR 3535,HD 76110,M0III,9.191,2.361,9.17,2.34,08 52 48.0183,-38 43 26.711,Star,8,52,48.0183,-38,43,26.711,133.2000763,-37.27591361
HD76351,08531+1149,F08531+1149,60 CNC,HR 3550,HD 76351,K5III,6.051,1.267,6.38,1.26,08 55 55.5481,+11 37 33.684,Variable star,8,55,55.5481,11,37,33.684,133.9814504,11.62602333
HD77800,09040+6704,F09040+6704,SIG 1 UMA,HR 3609,HD 77800,K5III,10.76,2.63,11.3,2.65,09 08 23.4990,+66 52 23.645,Star,9,8,23.499,66,52,23.645,137.0979125,66.87323472
HD77996,09033+0517,F09033+0517,OME HYA,HR 3613,HD 77996,K2II-III,5.791,1.432,5.95,1.41,09 05 58.3667,+05 05 32.337,Star,9,5,58.3667,5,5,32.337,136.4931946,5.092315833
HD79354,09121+5657,F09121+5656,17 UMA,HR 3660,HD 79354,K5III,11.81,2.787,11.5,2.77,09 15 49.7821,+56 44 29.064,Variable star,9,15,49.7821,56,44,29.064,138.9574254,56.74140667
HD79554,09124+1509,F09124+1509,PI 2 CNC,HR 3669,HD 79554,K1III,5.509,1.229,5.49,1.27,09 15 13.8528,+14 56 29.424,Star,9,15,13.8528,14,56,29.424,138.80772,14.94150667
HD80493,09180+3436,F09180+3436,ALP LYN,HR 3705,HD 80493,K7IIIab,83.78,19.64,86.9,19.6,09 21 03.3012,+34 23 33.223,Variable star,9,21,3.3012,34,23,33.223,140.263755,34.39256194
HD81146,09217+2623,F09217+2623,KAP LEO,HR 3731,HD 81146,K2III,9.814,2.317,9.83,2.36,09 24 39.2591,+26 10 56.367,Double or multiple star,9,24,39.2591,26,10,56.367,141.1635796,26.18232417
HD81420,09228-0454,F09229-0454,28 HYA,HR 3738,HD 81420,K5III,6.75,1.757,7.41,1.74,09 25 24.0355,-05 07 02.617,Star,9,25,24.0355,-5,7,2.617,141.3501479,-4.882606389
HD81799,09250-2207,F09250-2207,,HR 3749,HD 81799,K2.5III,6.372,1.442,6.21,1.4,09 27 18.4056,-22 20 37.617,High proper-motion star,9,27,18.4056,-22,20,37.617,141.82669,-21.6562175
HD81817,09301+8132,F09300+8133,SAO 1551,HR 3751,HD 81817,K3IIIa,17.64,4.357,18.4,4.35,09 37 05.2871,+81 19 34.975,Star,9,37,5.2871,81,19,34.975,144.2720296,81.32638194
HD82308,09288+2311,F09288+2311,LAM LEO,HR 3773,HD 82308,K4.5IIIb,29.06,6.406,29.1,6.44,09 31 43.2281,+22 58 04.694,Variable star,9,31,43.2281,22,58,4.694,142.9301171,22.96797056
HD82381,09292+0956,F09292+0956,6 LEO,HR 3779,HD 82381,K2.5IIIb,8.584,1.838,8.65,1.92,09 31 57.5773,+09 42 56.760,Star in double system,9,31,57.5773,9,42,56.76,142.9899054,9.715766667
HD82660,09305-1317,F09305-1317,,HR 3802,HD 82660,K5III,4.843,1.213,4.96,1.26,09 32 55.7742,-13 31 00.493,Star,9,32,55.7742,-13,31,0.493,143.2323925,-12.48319639
HD82668,09297-5648,Z09296-5648,SAO 237067,HR 3803,HD 82668,K5III,72.75,18.41,73.1,19.2,09 31 13.3189,-57 02 03.757,Variable star,9,31,13.3189,-57,2,3.757,142.8054954,-56.96562306
HD83126,09353+6729,F09353+6729,,HR 3824,HD 83126,M0III,5.795,1.426,5.87,1.5,09 39 27.8747,+67 16 20.029,Star,9,39,27.8747,67,16,20.029,144.8661446,67.27223028
HD83425,09358+0452,F09358+0452,,HR 3834,HD 83425,K3III,11.08,2.508,10.9,2.63,09 38 27.2883,+04 38 57.454,Star,9,38,27.2883,4,38,57.454,144.6137013,4.649292778
HD83618,09372-0054,F09373-0055,IOTA HYA,HR 3845,HD 83618,K2.5III,20.55,4.625,19.7,4.6,09 39 51.3619,-01 08 34.117,Variable star,9,39,51.3619,-1,8,34.117,144.9640079,-0.857189722
HD83787,09386+3130,F09386+3130,,HR 3850,HD 83787,K6III,8.166,2.318,7.93,2.2,09 41 35.1160,+31 16.40.142 2000.0,variable star,9,41,35.116,31,16,40.1422,145.3963167,31.27781728
HD85503,09499+2614,F09499+2614,MUU LEO,HR 3905,HD 85503,K2III,14.53,3.395,14.6,3.5,09 52 45.8173,+26 00 25.025,High proper-motion star,9,52,45.8173,26,0,25.025,148.1909054,26.00695139
HD86378,09564+5703,F09564+5703,,HR 3939,HD 86378,K5III,7.074,1.773,6.91,1.76,09 59 51.6863,+56 48 42.507,Star,9,59,51.6863,56,48,42.507,149.9653596,56.8118075
HD87837,10052+1014,F10052+1014,31 LEO,HR 3980,HD 87837,K3.5IIIb,17.81,4.185,17.6,4.16,10 07 54.2708,+09 59 51.028,Star in double system,10,7,54.2708,9,59,51.028,151.9761283,9.997507778
HD89388,10154-6104,Z10153-6105,SAO 250905,HR 4050,HD 89388,K2.5II,46.39,10.92,48,11.1,10 17 04.9758,-61 19 56.295,Variable star,10,17,4.9758,-61,19,56.295,154.2707325,-60.66769583
HD89682,10177-5446,Z10177-5446,SAO 237916,HR 4063,HD 89682,K3II,17.41,4.075,17,4.05,10 19 36.7501,-55 01 45.497,Variable star,10,19,36.7501,-55,1,45.497,154.9031254,-54.97069528
HD89998,10201-4123,F10201-4123,SAO 221998,HR 4080,HD 89998,K1III,4.723,1.199,5.04,1.26,10 22 19.5847,-41 38 59.857,Variable star,10,22,19.5847,-41,38,59.857,155.5816029,-40.35003972
HD90957,10271-2924,F10271-2924,,HR 4117,HD 90957,K3III,5.131,1.268,5.23,1.32,10 29 28.9733,-29 39 49.797,Star,10,29,28.9733,-29,39,49.797,157.3707221,-28.3361675
HD91056,10272-6354,Z10272-6354,SAO 250979,HR 4120,HD 91056,M0III,27.07,6.978,27.2,7.2,10 28 52.5757,-64 10 20.200,Star,10,28,52.5757,-64,10,20.2,157.2190654,-63.82772222
HD92305,10348-7820,F10348-7820,GAM CHA,HR 4174,HD 92305,K5III,35.61,8.725,35.5,8.77,10 35 28.1062,-78 36 28.029,Variable star,10,35,28.1062,-78,36,28.029,158.8671092,-77.39221417
HD92523,10395+6920,F10395+6920,,HR 4181,HD 92523,K3III,10.1,2.332,9.94,2.28,10 43 04.0399,+69 04 34.370,Star,10,43,4.0399,69,4,34.37,160.7668329,69.07621389
HD92682,10380-7413,F10380-7413,SAO 256742,HR 4186,HD 92682,K3II,7.07,1.832,7.55,1.88,10 39 15.8975,-74 29 36.182,Star,10,39,15.8975,-74,29,36.182,159.8162396,-73.50661611
HD93813,10471-1555,F10471-1555,NUU HYA,HR 4232,HD 93813,K1.5IIIb,35.84,8.16,35.1,8.25,10 49 37.4884,-16 11 37.134,High proper-motion star,10,49,37.4884,-16,11,37.134,162.4062017,-15.80635167
HD94247,10505+5451,F10505+5450,44 UMA,HR 4246,HD 94247,K3III,7.336,1.698,7.56,1.8,10 53 34.4515,+54 35 06.462,Star,10,53,34.4515,54,35,6.462,163.3935479,54.58512833
HD94264,10505+3428,F10505+3428,46 LMI,HR 4247,HD 94264,K0+III-IV,12.88,3.006,12.6,2.93,10 53 18.7051,+34 12 53.536,Variable star,10,53,18.7051,34,12,53.536,163.3279379,34.21487111
HD94336,10508+2628,F10508+2628,,,HD 94336,M0III,5.236,1.28,5.32,1.34,10 53 34.8453,+26 12 27.965,Star,10,53,34.8453,26,12,27.965,163.3951888,26.20776806
HD95212,10573+4547,F10573+4547,,HR 4280,HD 95212,K5III,7.109,1.639,7.05,1.7,11 00 14.7043,+45 31 34.595,Star,11,0,14.7043,45,31,34.595,165.0612679,45.52627639
HD95272,10573-1801,F10573-1801,ALP CRT,HR 4287,HD 95272,K0+III,11.21,2.454,11.8,2.42,10 59 46.4647,-18 17 55.620,High proper-motion star,10,59,46.4647,-18,17,55.62,164.9436029,-17.70121667
HD95314,10577-1348,F10576-1348,,HR 4289,HD 95314,K5III,5.693,1.414,5.53,1.42,11 00 11.6936,-14 05 00.126,Star,11,0,11.6936,-14,5,0.126,165.0487233,-13.91663167
HD95578,10592-0212,F10592-0213,61 LEO,HR 4299,HD 95578,M0III,22.49,5.386,21.9,5.22,11 01 49.6745,-02 29 04.505,Variable star,11,1,49.6745,-2,29,4.505,165.4569771,-1.515415278
HD96833,11068+4446,F11068+4446,PSI UMA,HR 4335,HD 96833,K1III,30.35,7.266,31,7.41,11 09 39.8084,+44 29 54.553,Star,11,9,39.8084,44,29,54.553,167.4158683,44.49848694
HD97576,11109-4405,F11109-4406,SAO 222647,HR 4354,HD 97576,K7III,10.32,2.317,10.1,2.31,11 13 14.6854,-44 22 19.978,Star,11,13,14.6854,-44,22,19.978,168.3111892,-43.62778389
HD98118,11147+0217,F11147+0217,75 LEO,HR 4371,HD 98118,M0III,12.89,3.191,12.8,3.26,11 17 17.4003,+02 00 38.001,Star,11,17,17.4003,2,0,38.001,169.3225013,2.010555833
HD98262,11157+3322,F11157+3322,NU UMA,HR 4377,HD 98262,K3-III,35.22,8.297,35.7,8.25,11 18 28.7368,+33 05 39.500,Star in double system,11,18,28.7368,33,5,39.5,169.6197367,33.09430556
HD99167,11220-1035,F11221-1035,EPS CRT,HR 4402,HD 99167,K5III,19.07,4.635,18.3,4.46,11 24 36.5911,-10 51 33.564,Star,11,24,36.5911,-10,51,33.564,171.1524629,-9.140676667
HD99998,11277-0243,F11277-0243,87 LEO,HR 4432,HD 99998,K3.5III,15.22,3.848,15.2,3.81,11 30 18.8934,-03 00 12.602,Star,11,30,18.8934,-3,0,12.602,172.5787225,-2.996499444
HD100029,11284+6936,F11284+6936,LAM DRA,HR 4434,HD 100029,M0III,54.7,13.84,54.3,13.9,11 31 24.2205,+69 19 51.873,Semi-regular pulsating star,11,31,24.2205,69,19,51.873,172.8509188,69.33107583
HD101666,11392-3213,F11392-3213,,HR 4503,HD 101666,K5III,9.133,2.271,9.12,2.16,11 41 43.9485,-32 29 57.853,Star in double system,11,41,43.9485,-32,29,57.853,175.4331188,-31.50059639
HD102224,11434+4803,F11434+4803,CHI UMA,HR 4518,HD 102224,K2III,18.81,4.615,19.3,4.72,11 46 03.0140,+47 46 45.861,Variable star,11,46,3.014,47,46,45.861,176.5125583,47.77940583
HD102461,11448-5724,Z11448-5725,SAO 239373,HR 4526,HD 102461,K5III,13.66,3.378,13.6,3.33,11 47 19.1412,-57 41 47.395,Variable star,11,47,19.1412,-57,41,47.395,176.829755,-56.30350139
HD102964,11486-4453,F11486-4453,B CEN,HR 4546,HD 102964,K3III,10.94,2.6,10.9,2.58,11 51 08.6917,-45 10 24.494,Star,11,51,8.6917,-45,10,24.494,177.7862154,-44.82652944
HD105340,12051-7505,F12051-7505,SAO 256905,HR 4617,HD 105340,K2II-III,5.857,1.477,5.93,1.57,12 07 49.8750,-75 22 01.268,Star,12,7,49.875,-75,22,1.268,181.9578125,-74.63298111
HD105943,12087+8159,F12087+8159,SAO 1991,HR 4639,HD 105943,K5III,5.329,1.335,5.37,1.28,12 10 59.9853,+81 42 35.397,Star in double system,12,10,59.9853,81,42,35.397,182.7499388,81.7098325
HD106321,12114-4526,F12114-4526,SAO 223297,HR 4652,HD 106321,K3III,7.925,1.877,7.74,1.9,12 14 02.6975,-45 43 26.110,Double or multiple star,12,14,2.6975,-45,43,26.11,183.5112396,-44.27608056
HD107274,12173+4915,F12173+4915,3 CVN,HR 4690,HD 107274,M0III,16.53,3.901,17.4,3.85,12 19 48.7103,+48 59 02.935,Star,12,19,48.7103,48,59,2.935,184.9529596,48.98414861
HD107328,12177+0335,F12177+0335,16 VIR,HR 4695,HD 107328,K0.5IIIb,6.212,1.392,5.99,1.41,12 20 20.9809,+03 18 45.267,Variable star,12,20,20.9809,3,18,45.267,185.0874204,3.312574167
HD108381,12244+2832,F12244+2832,GAM COM,HR 4737,HD 108381,K1III,7.907,1.906,8.55,1.88,12 26 56.2723,+28 16 06.322,Star in cluster,12,26,56.2723,28,16,6.322,186.7344679,28.26842278
HD108985,12288+0752,F12287+0752,,HR 4770,HD 108985,K5III,4.743,1.214,4.67,1.28,12 31 21.4158,+07 36 15.513,Star,12,31,21.4158,7,36,15.513,187.8392325,7.604309167
HD109511,12326+1839,F12325+1839,24 COM,HR 4792,HD 109511,K2III,4.704,1.087,4.64,1.37,12 35 07.7597,+18 22 37.408,Variable star,12,35,7.7597,18,22,37.408,188.7823321,18.37705778
HD109551,12326+7017,F12326+7017,6 DRA,HR 4795,HD 109551,K2.5III,10.22,2.471,10.6,2.51,12 34 44.0133,+70 01 18.371,Star,12,34,44.0133,70,1,18.371,188.6833888,70.02176972
HD110014,12366-0743,F12366-0743,CHI VIR,HR 4813,HD 110014,K2III,7.256,1.903,7.36,1.93,12 39 14.7669,-07 59 44.032,Star in double system,12,39,14.7669,-7,59,44.032,189.8115288,-6.004435556
HD110458,12397-4832,F12398-4832,SAO 223614,HR 4831,HD 110458,K0III,5.799,1.315,5.83,1.31,12 42 35.4519,-48 48 47.191,Star,12,42,35.4519,-48,48,47.191,190.6477163,-47.18689139
HD111067,12441+1650,F12441+1651,27 COM,HR 4851,HD 111067,K3III,6.694,1.675,6.71,1.67,12 46 38.7609,+16 34 39.689,Star,12,46,38.7609,16,34,39.689,191.6615038,16.57769139
HD111335,12455+6703,F12455+6703,7 DRA,HR 4863,HD 111335,K5III,10.28,2.579,10.5,2.69,12 47 34.3438,+66 47 25.095,Star,12,47,34.3438,66,47,25.095,191.8930992,66.79030417
HD111862,12497+1720,F12497+1720,32 COM,HR 4884,HD 111862,M0III,5.273,1.32,5.23,1.38,12 52 12.2573,+17 04 26.196,Star in double system,12,52,12.2573,17,4,26.196,193.0510721,17.07394333
HD111915,12502-4840,F12502-4840,SAO 223731,HR 4888,HD 111915,K3.5III,13.16,3.58,13.8,3.64,12 53 06.9063,-48 56 35.993,Star,12,53,6.9063,-48,56,35.993,193.2787763,-47.05666861
HD112213,12525-4238,F12525-4238,SAO 223760,HR 4906,HD 112213,M0III,14.46,3.76,15.4,3.71,12 55 19.4315,-42 54 56.636,Star,12,55,19.4315,-42,54,56.636,193.8309646,-41.08426778
HD113092,12580+6652,F12580+6651,9 DRA,HR 4928,HD 113092,K2III,5.454,1.301,5.5,1.37,12 59 55.0707,+66 35 50.179,Star,12,59,55.0707,66,35,50.179,194.9794613,66.59727194
HD113996,13047+2753,F13047+2753,41 COM,HR 4954,HD 113996,K5-III,14.21,3.483,14.3,3.45,13 07 10.7297,+27 37 29.067,Star,13,7,10.7297,27,37,29.067,196.7947071,27.62474083
HD114326,13073+1706,F13073+1706,,HR 4962,HD 114326,K5III,4.966,1.249,4.95,1.25,13 09 47.8475,+16 50 55.001,Star,13,9,47.8475,16,50,55.001,197.4493646,16.84861139
HD114780,13100+1149,F13100+1149,,HR 4986,HD 114780,M0III,8.333,2.104,8.13,2.14,13 12 32.9213,+11 33 21.946,Star,13,12,32.9213,11,33,21.946,198.1371721,11.55609611
HD115046,13120+1135,F13120+1135,,HR 4998,HD 115046,M0III,6.879,1.679,7.32,1.84,13 14 31.2837,+11 19 53.963,Star in double system,13,14,31.2837,11,19,53.963,198.6303488,11.33165639
HD115478,13147+1356,F13147+1356,,HR 5013,HD 115478,K3III,5.335,1.421,5.35,1.4,13 17 15.6282,+13 40 32.704,Star,13,17,15.6282,13,40,32.704,199.3151175,13.67575111
HD116870,13240-1226,F13240-1226,68 VIR,HR 5064,HD 116870,M0IIIv,11.02,2.668,11.2,2.58,13 26 43.1677,-12 42 27.591,Variable star,13,26,43.1677,-12,42,27.591,201.6798654,-11.29233583
HD116976,13247-1542,F13247-1542,69 VIR,HR 5068,HD 116976,K0-IIIb,4.921,1.209,4.89,1.27,13 27 27.1640,-15 58 24.882,Variable star,13,27,27.164,-15,58,24.882,201.8631833,-14.02642167
HD119193,13397-5032,F13397-5032,SAO 241098,HR 5152,HD 119193,M0III,6.247,1.55,6.34,1.54,13 42 54.6332,-50 47 24.851,Star,13,42,54.6332,-50,47,24.851,205.7276383,-49.20976361
HD120477,13470+1602,F13470+1602,UPS BOO,HR 5200,HD 120477,K5.5III,33.77,7.657,33.5,7.88,13 49 28.6411,+15 47 52.458,Variable star,13,49,28.6411,15,47,52.458,207.3693379,15.797905
HD120933,13495+3441,F13495+3441,AW CVN,HR 5219,HD 120933,K5III,47.22,11.4,49,11.3,13 51 47.4751,+34 26 39.265,Variable star,13,51,47.4751,34,26,39.265,207.9478129,34.44424028
HD121710,13542+2744,F13543+2743,9 BOO,HR 5247,HD 121710,K3IIIb,10.06,2.509,9.88,2.44,13 56 34.1811,+27 29 31.496,Variable star of irregular type,13,56,34.1811,27,29,31.496,209.1424213,27.49208222
HD123123,14035-2626,F14035-2626,PI HYA,HR 5287,HD 123123,K2-III,23.6,5.481,23.4,5.24,14 06 22.2971,-26 40 56.600,Star,14,6,22.2971,-26,40,56.6,211.5929046,-25.31761111
HD123139,14037-3607,F14037-3607,THE CEN,HR 5288,HD 123139,K0-IIIb,58.62,13.53,56.9,13.5,14 06 40.9485,-36 22 11.836,High proper-motion star,14,6,40.9485,-36,22,11.836,211.6706188,-35.63004556
HD124294,14102-1002,F14102-1002,KAP VIR,HR 5315,HD 124294,K2.5III,18.58,4.075,17.9,4.25,14 12 53.7458,-10 16 25.326,Variable star,14,12,53.7458,-10,16,25.326,213.2239408,-9.726298333
HD124547,14089+7746,F14090+7747,4 UMI,HR 5321,HD 124547,K3-IIIb,10.87,2.681,11,2.67,14 08 50.9269,+77 32 51.051,Spectroscopic binary,14,8,50.9269,77,32,51.051,212.2121954,77.54751417
HD124882,14186-8326,F14185-8326,DEL OCT,HR 5339,HD 124882,K2III,14.37,3.374,14.2,3.38,14 26 55.2341,-83 40 04.384,Variable star,14,26,55.2341,-83,40,4.384,216.7301421,-82.33211556
HD125560,14173+1632,F14173+1632,20 BOO,HR 5370,HD 125560,K3III,6.226,1.582,6.12,1.55,14 19 45.2352,+16 18 25.012,Variable star,14,19,45.2352,16,18,25.012,214.93848,16.30694778
HD125932,14201-2731,F14202-2731,51 HYA,HR 5381,HD 125932,K3III,8.548,2.08,8.39,2.08,14 23 05.7749,-27 45 14.463,Variable star,14,23,5.7749,-27,45,14.463,215.7740621,-26.2459825
HD126927,14260-0640,F14260-0640,106 VIR,HR 5410,HD 126927,K5III,8.123,1.877,8.02,1.86,14 28 41.7225,-06 54 01.931,Star,14,28,41.7225,-6,54,1.931,217.1738438,-5.099463611
HD127093,14265+2604,F14265+2604,,,HD 127093,M0III,10.4,2.656,10.4,2.49,14 28 46.0296,+25 51 13.978,Variable star of irregular type,14,28,46.0296,25,51,13.978,217.19179,25.85388278
HD127665,14296+3035,F14296+3035,RHO BOO,HR 5429,HD 127665,K3-III,25.41,5.982,25.8,6.12,14 31 49.7899,+30 22 17.174,Variable star,14,31,49.7899,30,22,17.174,217.9574579,30.37143722
HD128000,14309+5537,F14309+5537,,HR 5442,HD 128000,K5III,6.83,1.489,6.85,1.59,14 32 30.9356,+55 23 52.835,Star,14,32,30.9356,55,23,52.835,218.1288983,55.39800972
HD128068,14330-4601,F14330-4601,SAO 225054,HR 5444,HD 128068,K3III,6.899,1.614,7.07,1.71,14 36 19.0305,-46 14 43.625,Variable star,14,36,19.0305,-46,14,43.625,219.0792938,-45.75454861
HD128902,14363+4351,F14363+4351,,HR 5464,HD 128902,K2III,6.329,1.518,6.5,1.51,14 38 12.5889,+43 38 31.669,Star,14,38,12.5889,43,38,31.669,219.5524538,43.64213028
HD129078,14415-7850,F14415-7850,ALP APS,HR 5470,HD 129078,K3III,24.94,6.087,24.7,6.12,14 47 51.7087,-79 02 41.103,Star,14,47,51.7087,-79,2,41.103,221.9654529,-78.95524917
HD130157,14443-2106,F14443-2106,,HR 5513,HD 130157,K5III,6.597,1.551,6.29,1.56,14 47 13.6494,-21 19 29.536,Star,14,47,13.6494,-21,19,29.536,221.8068725,-20.67512889
HD130694,14473-2745,F14473-2745,58 HYA,HR 5526,HD 130694,K2.5IIIb,18.38,3.922,17.6,3.93,14 50 17.3099,-27 57 37.335,High proper-motion star,14,50,17.3099,-27,57,37.335,222.5721246,-26.03962917
HD132833,14587-0233,F14587-0233,SAO 140276,HR 5590,HD 132833,M0III,13.86,3.488,13.6,3.6,15 01 19.8267,-02 45 17.735,Variable star,15,1,19.8267,-2,45,17.735,225.3326113,-1.245073611
HD133165,15003+0217,F15003+0217,110 VIR,HR 5601,HD 133165,K0+IIIb,7.291,1.767,7.8,1.83,15 02 54.0373,+02 05 28.690,Variable star,15,2,54.0373,2,5,28.69,225.7251554,2.091302778
HD133550,15030-3604,F15030-3604,SAO 206292,HR 5615,HD 133550,K5-III,6.229,1.686,6.14,1.59,15 06 13.9331,-36 15 52.556,Star,15,6,13.9331,-36,15,52.556,226.5580546,-35.73540111
HD133774,15038-1603,F15038-1603,NU LIB,HR 5622,HD 133774,K5III,12.06,2.819,12.1,2.9,15 06 37.5962,-16 15 24.544,Star,15,6,37.5962,-16,15,24.544,226.6566508,-15.74318222
HD135758,15147-2957,F15147-2957,2 LUP,HR 5686,HD 135758,K0-IIIa,7.5,1.647,7.84,1.68,15 17 49.8390,-30 08 55.224,Variable star,15,17,49.839,-30,8,55.224,229.4576625,-29.85132667
HD136028,15158-0016,F15158-0016,,HR 5690,HD 136028,K5III,5.285,1.309,5.26,1.31,15 18 26.1261,-00 27 40.443,Star,15,18,26.1261,0,27,40.443,229.6088588,0.461234167
HD136422,15186-3604,F15186-3604,PHI 1 LUP,HR 5705,HD 136422,K5III,50.28,11.86,48.7,12.3,15 21 48.3700,-36 15 40.955,Star in double system,15,21,48.37,-36,15,40.955,230.4515417,-35.73862361
HD137744,15254-1632,F15254-1632,ZET 1 LIB,HR 5743,HD 137744,K4.5III,7.447,1.8,7.4,1.91,15 28 15.4082,-16 42 59.343,Star,15,28,15.4082,-16,42,59.343,232.0642008,-15.28351583
HD137759,15238+5908,F15238+5908,IOTA DRA,HR 5744,HD 137759,K2III,23.46,5.752,23.5,5.78,15 24 55.7747,+58 57 57.836,Variable star,15,24,55.7747,58,57,57.836,231.2323946,58.96606556
HD138265,15268+6050,F15268+6050,,HR 5755,HD 138265,K5III,5.214,1.33,5.22,1.31,15 27 51.4231,+60 40 12.780,Star,15,27,51.4231,60,40,12.78,231.9642629,60.67021667
HD138481,15291+4100,F15291+4100,NU 1 BOO,HR 5763,HD 138481,K4.5IIIb,13.94,3.657,14.9,3.87,15 30 55.7593,+40 49 58.968,Star,15,30,55.7593,40,49,58.968,232.7323304,40.83304667
HD138538,15321-6609,Z15321-6609,EPS TRA,HR 5771,HD 138538,K1.5III,11.29,2.657,11.3,2.76,15 36 43.2225,-66 19 01.335,Star in double system,15,36,43.2225,-66,19,1.335,234.1800938,-65.6829625
HD139063,15339-2758,F15339-2758,UPS LIB,HR 5794,HD 139063,K3.5III,30.69,7.519,30.1,7.62,15 37 01.4498,-28 08 06.286,Double or multiple star,15,37,1.4498,-28,8,6.286,234.2560408,-27.86492056
HD139127,15346-4224,F15346-4224,OME LUP,HR 5797,HD 139127,K4.5III,17.65,4.185,17.8,4.15,15 38 03.2054,-42 34 02.453,Star in double system,15,38,3.2054,-42,34,2.453,234.5133558,-41.43265194
HD139663,15373-2339,F15373-2339,42 LIB,HR 5824,HD 139663,K3-III,6.508,1.518,7.21,1.66,15 40 16.8954,-23 49 05.082,Star,15,40,16.8954,-23,49,5.082,235.0703975,-22.18192167
HD139669,15328+7731,F15328+7730,THE UMI,HR 5826,HD 139669,K5-III,13.34,3.335,13.4,3.44,15 31 24.9293,+77 20 57.667,Variable star,15,31,24.9293,77,20,57.667,232.8538721,77.34935194
HD140573,15418+0634,F15417+0634,ALP SER,HR 5854,HD 140573,K2IIIb,40.92,10.04,40.8,9.86,15 44 16.0749,+06 25 32.257,Star in double system,15,44,16.0749,6,25,32.257,236.0669788,6.425626944
HD141477,15464+1817,F15464+1817,KAP SER,HR 5879,HD 141477,M0.5IIIab,44.45,10.85,44.3,11.6,15 48 44.3768,+18 08 29.629,Variable star,15,48,44.3768,18,8,29.629,237.1849033,18.14156361
HD141992,15490+2107,F15490+2107,RHO SER,HR 5899,HD 141992,K4.5III,17.53,4.239,18.1,4.27,15 51 15.9090,+20 58 40.509,Variable star,15,51,15.909,20,58,40.509,237.8162875,20.97791917
HD142574,15523+2027,F15523+2027,IRC+20288,HR 5924,HD 142574,K8IIIb,11.47,2.842,11.4,2.83,15 54 34.6117,+20 17 39.486,Variable star,15,54,34.6117,20,17,39.486,238.6442154,20.29430167
HD142676,15552-6442,Z15552-6442,SAO 253368,,HD 142676,M0-1II,4.709,1.211,4.55,1.27,15 59 50.0294,-64 51 14.934,Star,15,59,50.0294,-64,51,14.934,239.9584558,-63.14585167
HD143107,15555+2701,F15555+2701,EPS CRB,HR 5947,HD 143107,K2IIIab,12.14,3.194,13.1,3.38,15 57 35.2518,+26 52 40.368,Double or multiple star,15,57,35.2518,26,52,40.368,239.3968825,26.87788
HD143435,15571+3647,F15571+3647,,HR 5957,HD 143435,K5III,7.455,1.765,7.45,1.73,15 58 57.7137,+36 38 37.585,Star,15,58,57.7137,36,38,37.585,239.7404738,36.64377361
HD144204,16008+5303,F16008+5303,,HR 5981,HD 144204,K5III,5.285,1.328,5.31,1.34,16 02 05.5584,+52 54 57.302,Star,16,2,5.5584,52,54,57.302,240.52316,52.91591722
HD145892,16107+0508,F16107+0508,9 HER,HR 6047,HD 145892,K5III,6.806,1.621,7.14,1.59,16 13 15.4295,+05 01 15.911,Star,16,13,15.4295,5,1,15.911,243.3142896,5.021086389
HD145897,16110-1142,F16110-1142,CHI SCO,HR 6048,HD 145897,K3III,7.289,1.609,7.56,1.72,16 13 50.9049,-11 50 15.888,Star,16,13,50.9049,-11,50,15.888,243.4621038,-10.16225333
HD146051,16117-0334,F16117-0334,DEL OPH,HR 6056,HD 146051,M0.5III,153.9,37.09,150,37.5,16 14 20.7395,-03 41 39.563,Variable star,16,14,20.7395,-3,41,39.563,243.5864146,-2.305676944
HD146791,16156-0434,F16156-0434,EPS OPH,HR 6075,HD 146791,G9.5IIIb,19.1,3.812,19.4,3.96,16 18 19.2890,-04 41 33.038,Star in double system,16,18,19.289,-4,41,33.038,244.5803708,-3.307489444
HD149009,16290+2218,F16290+2218,,HR 6154,HD 149009,K5III,7.929,2.091,8.22,2.08,16 31 13.4313,+22 11 43.648,Star,16,31,13.4313,22,11,43.648,247.8059638,22.19545778
HD149447,16330-3509,Z16330-3509,AFGL 4228,HR 6166,HD 149447,K6III,33.64,8.204,33.6,8.28,16 36 22.4715,-35 15 19.174,Star,16,36,22.4715,-35,15,19.174,249.0936313,-34.74467389
HD150798,16433-6856,F16433-6856,ALP TRA,HR 6217,HD 150798,K2II,148.7,33.64,144,34.1,16 48 39.8949,-69 01 39.774,Star,16,48,39.8949,-69,1,39.774,252.1662288,-68.972285
HD151217,16434+0840,F16434+0840,43 HER,HR 6228,HD 151217,K5III,12.19,2.894,12,2.83,16 45 49.8913,+08 34 57.418,Variable star,16,45,49.8913,8,34,57.418,251.4578804,8.582616111
HD151249,16454-5857,Z16454-5857,ETA ARA,HR 6229,HD 151249,K5III,50.07,11.57,52.2,11.8,16 49 47.1563,-59 02 28.961,Star in double system,16,49,47.1563,-59,2,28.961,252.4464846,-58.95862194
HD151680,16469-3412,Z16468-3412,EPS SCO,HR 6241,HD 151680,K2.5III,53.64,13.56,52.3,13.5,16 50 09.8130,-34 17 35.634,Variable star,16,50,9.813,-34,17,35.634,252.5408875,-33.70676833
HD152326,16496+2444,F16496+2444,51 HER,HR 6270,HD 152326,K0.5IIIa,5.345,1.279,5.24,1.3,16 51 45.2619,+24 39 23.158,Star,16,51,45.2619,24,39,23.158,252.9385913,24.65643278
HD152880,16538-1551,F16538-1552,,,HD 152880,M0-1III,6.753,1.606,6.59,1.62,16 56 40.786,-15 56 37.65,Star,16,56,40.786,-15,56,37.65,254.1699417,-14.05620833
HD153210,16552+0927,F16552+0927,KAP OPH,HR 6299,HD 153210,K2III,24.91,5.762,25,5.72,16 57 40.0973,+09 22 30.118,Variable star,16,57,40.0973,9,22,30.118,254.4170721,9.375032778
HD155410,17079+4050,F17079+4050,,HR 6388,HD 155410,K3III,6.249,1.435,6.57,1.54,17 09 33.2478,+40 46 37.319,Star,17,9,33.2478,40,46,37.319,257.3885325,40.77703306
HD156277,17167-6743,F17168-6743,ZET APS,HR 6417,HD 156277,K2-III,7.744,1.841,7.42,1.74,17 21 59.4776,-67 46 14.407,Star,17,21,59.4776,-67,46,14.407,260.4978233,-66.22933139
HD156283,17133+3651,F17133+3651,PI HER,HR 6418,HD 156283,K3II,47.55,11,48.2,11.4,17 15 02.8343,+36 48 32.983,Variable star,17,15,2.8343,36,48,32.983,258.7618096,36.80916194
HD156652,17156+2857,F17156+2857,,,HD 156652,M0III+,5.57,1.429,5.63,1.44,17 17 34.6520,+28 54 47.783,Variable star of irregular type,17,17,34.652,28,54,47.783,259.3943833,28.91327306
HD157325,17189+4617,F17189+4617,74 HER,HR 6464,HD 157325,M0III,10.07,2.515,9.83,2.52,17 20 21.1218,+46 14 26.808,Variable star,17,20,21.1218,46,14,26.808,260.0880075,46.24078
HD157999,17240+0410,F17240+0410,SIG OPH,HR 6498,HD 157999,K2II,18.64,4.869,18.7,4.71,17 26 30.8803,+04 08 25.295,Variable star,17,26,30.8803,4,8,25.295,261.6286679,4.140359722
HD158899,17287+2608,F17287+2608,LAM HER,HR 6526,HD 158899,K3.5III,15.49,3.695,15.9,3.7,17 30 44.3099,+26 06 38.323,Variable star,17,30,44.3099,26,6,38.323,262.6846246,26.11064528
HD158996,17233+8010,F17234+8010,,HR 6529,HD 158996,K5III,5.449,1.298,5.64,1.4,17 19 37.1101,+80 08 11.038,Star,17,19,37.1101,80,8,11.038,259.9046254,80.13639944
HD161096,17409+0435,F17410+0435,BET OPH,HR 6603,HD 161096,K2III,37.97,8.756,38.6,8.53,17 43 28.3531,+04 34 02.290,Variable star,17,43,28.3531,4,34,2.29,265.8681379,4.567302778
HD163376,17542-4142,Z17542-4142,SAO 228578,HR 6682,HD 163376,M0III,24.74,5.837,24.4,5.93,17 57 47.8052,-41 42 58.663,Star,17,57,47.8052,-41,42,58.663,269.4491883,-40.28370472
HD163588,17526+5652,F17526+5652,XI DRA,HR 6688,HD 163588,K2III,16.72,4.075,16.9,4.14,17 53 31.7295,+56 52 21.514,Star in double system,17,53,31.7295,56,52,21.514,268.3822063,56.87264278
HD163770,17545+3715,F17545+3715,THE HER,HR 6695,HD 163770,K1IIa,17.64,4.26,18.4,4.2,17 56 15.1805,+37 15 01.941,Variable star,17,56,15.1805,37,15,1.941,269.0632521,37.25053917
HD164646,17585+4530,F17585+4530,,HR 6728,HD 164646,M0IIIab,8.356,2.16,8.45,2.2,17 59 56.2064,+45 30 04.960,Variable star,17,59,56.2064,45,30,4.96,269.9841933,45.50137778
HD168323,18160+2316,F18160+2316,,HR 6854,HD 168323,K5III,7.314,1.842,7.19,1.86,18 18 07.7296,+23 17 48.864,Star in double system,18,18,7.7296,23,17,48.864,274.5322067,23.29690667
HD168592,18188-3840,F18188-3840,SAO 210048,HR 6862,HD 168592,K4-5III,10.77,2.613,10.7,2.61,18 22 18.5725,-38 39 24.817,Star,18,22,18.5725,-38,39,24.817,275.5773854,-37.34310639
HD168723,18186-0255,Z18186-0255,ETA SER,HR 6869,HD 168723,K0III-IV,17.7,4.161,17.3,4.05,18 21 18.6007,-02 53 55.770,Variable star,18,21,18.6007,-2,53,55.77,275.3275029,-1.101175
HD168775,18181+3602,F18180+3602,KAP LYR,HR 6872,HD 168775,K2-IIIab,9.029,2.13,9.06,2.13,18 19 51.7095,+36 03 52.371,Variable star,18,19,51.7095,36,3,52.371,274.9654563,36.0645475
HD169414,18215+2144,F18215+2144,109 HER,HR 6895,HD 169414,K2IIIab,15.1,3.803,16.9,3.76,18 23 41.8896,+21 46 11.107,Variable star,18,23,41.8896,21,46,11.107,275.92454,21.76975194
HD169916,18248-2527,Z18248-2527,LAM SGR,HR 6913,HD 169916,K1IIIb,32.14,7.373,31.2,7.27,18 27 58.2405,-25 25 18.120,Star,18,27,58.2405,-25,25,18.12,276.9926688,-24.5783
HD170693,18258+6531,F18258+6531,42 DRA,HR 6945,HD 170693,K1.5III,7.19,1.695,7.47,1.46,18 25 59.1381,+65 33 48.530,Star,18,25,59.1381,65,33,48.53,276.4964088,65.56348056
HD170951,18291+2507,F18291+2507,,,HD 170951,M0III,4.752,1.227,4.84,1.27,18 31 09.6605,+25 09 47.775,Star,18,31,9.6605,25,9,47.775,277.7902521,25.16327083
HD171759,18372-7128,F18371-7128,ZET PAV,HR 6982,HD 171759,K0III,13.12,3.255,13.5,3.23,18 43 02.1361,-71 25 41.208,Star in double system,18,43,2.1361,-71,25,41.208,280.7589004,-70.57188667
HD173780,18440+2636,F18440+2636,IRC+30342,HR 7064,HD 173780,K2III,6.5,1.53,6.35,1.56,18 46 04.4803,+26 39 43.667,Star,18,46,4.4803,26,39,43.667,281.5186679,26.66212972
HD174387,18487-4639,F18487-4639,SAO 229336,HR 7092,HD 174387,M0III,11.58,2.953,12.1,3.02,18 52 27.2306,-46 35 42.429,Star,18,52,27.2306,-46,35,42.429,283.1134608,-45.40488083
HD175775,18547-2110,Z18547-2110,XI 2 SGR,HR 7150,HD 175775,K1III,20.2,4.936,19.7,4.68,18 57 43.8015,-21 06 23.955,Star,18,57,43.8015,-21,6,23.955,284.4325063,-20.89334583
HD176524,18550+7113,F18550+7113,UPS DRA,HR 7180,HD 176524,K0III,5.336,1.286,5.49,1.4,18 54 23.8547,+71 17 49.891,Star,18,54,23.8547,71,17,49.891,283.5993946,71.29719194
HD176670,18581+3204,F18581+3204,LAM LYR,HR 7192,HD 176670,K2.5III,9.589,2.294,9.94,2.28,19 00 00.8257,+32 08 43.851,Variable star,19,0,0.8257,32,8,43.851,285.0034404,32.14551417
HD177716,19038-2744,F19037-2744,TAU SGR,HR 7234,HD 177716,K1.5IIIb,26.75,6.002,26,6.02,19 06 56.4089,-27 40 13.523,High proper-motion star,19,6,56.4089,-27,40,13.523,286.7350371,-26.32957694
HD177808,19030+3140,F19030+3140,,HR 7237,HD 177808,M0III,7.997,2.037,7.92,2.04,19 04 57.8751,+31 44 38.658,Star,19,4,57.8751,31,44,38.658,286.2411463,31.74407167
HD178345,19065-3925,F19065-3925,BET CRA,HR 7259,HD 178345,K0II,12.35,2.86,12.5,2.81,19 10 01.7569,-39 20 26.866,Star,19,10,1.7569,-39,20,26.866,287.5073204,-38.65920389
HD179886,19127-4533,F19127-4533,SAO 229584,HR 7289,HD 179886,K3III,5.952,1.426,6.13,1.49,19 16 21.7423,-45 27 57.720,Star,19,16,21.7423,-45,27,57.72,289.0905929,-44.53396667
HD180450,19134+3026,Z19134+3026,IRC+30364,HR 7302,HD 180450,M0III,12,3.054,11.8,3.01,19 15 24.8598,+30 31 34.973,Star in cluster,19,15,24.8598,30,31,34.973,288.8535825,30.52638139
HD181109,19172-3154,F19172-3154,,HR 7323,HD 181109,M0III,5.582,1.321,5.68,1.37,19 20 26.1919,-31 49 03.359,Star,19,20,26.1919,-31,49,3.359,290.1091329,-30.18240028
HD182709,19259-6832,F19259-6832,SAO 254590,HR 7383,HD 182709,K4-5III,7.809,2.021,7.72,2,19 31 10.9703,-68 26 02.111,Star,19,31,10.9703,-68,26,2.111,292.7957096,-67.56608028
HD183439,19266+2433,Z19266+2433,ALP VUL,HR 7405,HD 183439,M0.5IIIb,29.67,6.9,28.9,7,19 28 42.3299,+24 39 53.657,Star in double system,19,28,42.3299,24,39,53.657,292.1763746,24.66490472
HD184406,19316+0716,Z19316+0716,MUU AQL,HR 7429,HD 184406,K3-IIIb,8.653,2.084,8.6,2.05,19 34 05.3529,+07 22 44.189,Variable star,19,34,5.3529,7,22,44.189,293.5223038,7.378941389
HD184827,19330+3341,Z19330+3341,,,HD 184827,M0III,12.01,2.946,11.6,3.01,19 34 56.1074,+33 47 43.756,Pulsating variable star,19,34,56.1074,33,47,43.756,293.7337808,33.79548778
HD184996,19367-6558,F19367-6558,SAO 254627,HR 7455,HD 184996,M0III,5.699,1.458,5.71,1.45,19 41 37.2654,-65 51 15.890,Star,19,41,37.2654,-65,51,15.89,295.4052725,-64.14558611
HD186619,19420+4139,Z19420+4139,,HR 7514,HD 186619,M0IIIab,7.519,1.938,7.45,1.99,19 43 45.0968,+41 46 23.190,Variable star,19,43,45.0968,41,46,23.19,295.9379033,41.77310833
HD186791,19438+1029,Z19438+1029,GAM AQL,HR 7525,HD 186791,K3II,79.86,19.62,76.6,20,19 46 15.5795,+10 36 47.740,Star in double system,19,46,15.5795,10,36,47.74,296.5649146,10.61326111
HD187150,19460-1226,F19460-1226,,,HD 187150,K5III,5.688,1.472,5.82,1.5,19 48 50.1723,-12 19 09.915,Star,19,48,50.1723,-12,19,9.915,297.2090513,-11.68057917
HD187660,19485-0235,F19485-0235,,HR 7559,HD 187660,K5III,4.526,1.262,4.98,1.28,19 51 11.0977,-02 27 39.563,Star,19,51,11.0977,-2,27,39.563,297.7962404,-1.539010278
HD188056,19493+5251,F19493+5251,20 CYG,HR 7576,HD 188056,K3III,5.845,1.453,5.77,1.49,19 50 37.7238,+52 59 16.805,Star,19,50,37.7238,52,59,16.805,297.6571825,52.98800139
HD188114,19518-4200,F19518-4200,IOTA SGR,HR 7581,HD 188114,K0II-III,11.07,2.712,11.1,2.96,19 55 15.6974,-41 52 05.837,Star,19,55,15.6974,-41,52,5.837,298.8154058,-40.13171194
HD188154,19514-0842,F19514-0842,56 AQL,HR 7584,HD 188154,K5III,9.112,2.253,9.19,2.31,19 54 08.2772,-08 34 27.160,Star in double system,19,54,8.2772,-8,34,27.16,298.5344883,-7.425788889
HD188310,19518+0819,Z19518+0819,XI AQL,HR 7595,HD 188310,G9.5IIIb,5.512,1.237,5.54,1.27,19 54 14.8816,+08 27 41.230,Star,19,54,14.8816,8,27,41.23,298.5620067,8.461452778
HD188603,19538-2718,F19538-2718,59 SGR,HR 7604,HD 188603,K2.5IIb,16.04,3.399,16.6,3.47,19 56 56.8312,-27 10 11.636,Star,19,56,56.8312,-27,10,11.636,299.2367967,-26.83010111
HD189140,19569-4310,F19570-4310,SAO 229977,HR 7627,HD 189140,M0II-III,8.075,1.916,8.21,1.95,20 00 26.4855,-43 02 35.886,Star,20,0,26.4855,-43,2,35.886,300.1103563,-42.95669833
HD189276,19549+5842,F19549+5842,,HR 7633,HD 189276,K4.5IIIa,13.49,3.449,13.7,3.49,19 55 55.3781,+58 50 45.489,Star,19,55,55.3781,58,50,45.489,298.9807421,58.84596917
HD189319,19565+1921,Z19565+1921,GAM SGE,HR 7635,HD 189319,M0-III,60.29,14.11,58.9,14,19 58 45.4275,+19 29 31.732,Variable star,19,58,45.4275,19,29,31.732,299.6892813,19.49214778
HD189695,19585+0825,F19585+0825,,HR 7648,HD 189695,K5III,5.765,1.478,5.79,1.53,20 00 58.9777,+08 33 27.846,Star,20,0,58.9777,8,33,27.846,300.2457404,8.557735
HD189831,20002-3804,F20002-3804,SAO 211767,HR 7652,HD 189831,K5III,11.28,2.738,11.1,2.75,20 03 33.4593,-37 56 26.515,Star,20,3,33.4593,-37,56,26.515,300.8894138,-36.05930139
HD190056,20011-3211,F20011-3211,,HR 7659,HD 190056,K1III,7.078,1.59,6.92,1.49,20 04 19.5926,-32 03 22.664,Variable star,20,4,19.5926,-32,3,22.664,301.0816358,-31.94370444
HD192107,20106-0109,F20106-0109,66 AQL,HR 7720,HD 192107,K5III,8.569,2.212,8.57,2.2,20 13 13.8819,-01 00 33.621,Star,20,13,13.8819,-1,0,33.621,303.3078413,-0.990660833
HD192781,20125+6029,F20125+6029,,HR 7742,HD 192781,K5III,5.219,1.262,5.41,1.3,20 13 27.6157,+60 38 26.048,Star,20,13,27.6157,60,38,26.048,303.3650654,60.64056889
HD193002,20166-5512,F20166-5512,SAO 246535,HR 7758,HD 193002,M0-1III,5.985,1.452,6,1.48,20 20 32.3162,-55 03 03.176,Star,20,20,32.3162,-55,3,3.176,305.1346508,-54.94911778
HD193579,20180+1738,F20180+1738,,HR 7780,HD 193579,K5III,5.85,1.44,6.09,1.39,20 20 21.4066,+17 47 34.539,Star,20,20,21.4066,17,47,34.539,305.0891942,17.7929275
HD196171,20340-4728,F20340-4727,ALP IND,HR 7869,HD 196171,K0III,21.66,4.719,21.6,4.72,20 37 34.0320,-47 17 29.406,Star in double system,20,37,34.032,-47,17,29.406,309.3918,-46.70849833
HD196321,20341-0243,F20341-0243,70 AQL,HR 7873,HD 196321,K5II,16.06,4.05,16.5,4.01,20 36 43.6323,-02 32 59.846,Star,20,36,43.6323,-2,32,59.846,309.1818013,-1.450042778
HD196917,20382-3146,F20383-3146,,HR 7909,HD 196917,M0III,9.875,2.403,9.81,2.34,20 41 23.6583,-31 35 53.841,Star,20,41,23.6583,-31,35,53.841,310.3485763,-30.40171083
HD197912,20435+3032,Z20436+3032,52 CYG,HR 7942,HD 197912,K0IIIa,8.548,2.051,8.76,2.08,20 45 39.7537,+30 43 10.975,Star in double system,20,45,39.7537,30,43,10.975,311.4156404,30.71971528
HD197989,20442+3347,Z20442+3347,EPS CYG,HR 7949,HD 197989,K0III,43.2,9.548,42.6,9.57,20 46 12.6827,+33 58 12.922,High proper-motion star,20,46,12.6827,33,58,12.922,311.5528446,33.97025611
HD198048,20460-4624,F20460-4624,ZET IND,HR 7952,HD 198048,K5III,14.14,3.317,14.3,3.47,20 45 21.1281,+57 34 47.012,High proper-motion star,20,45,21.1281,57,34,47.012,311.3380338,57.57972556
HD198134,20451+3411,Z20451+3411,T CYG,HR 7956,HD 198134,K3III,6.867,1.831,7.32,1.9,20 47 10.7521,+34 22 26.844,Variable star,20,47,10.7521,34,22,26.844,311.7948004,34.37412333
HD198149,20442+6139,F20442+6139,ETA CEP,HR 7957,HD 198149,K0IV,13.49,3.197,14.6,3.26,20 45 17.3750,+61 50 19.615,High proper-motion star,20,45,17.375,61,50,19.615,311.3223958,61.83878194
HD198357,20478-3806,F20478-3805,SAO 212488,HR 7971,HD 198357,K3II,4.989,1.226,5.04,1.27,20 51 00.7582,-37 54 47.994,Star,20,51,0.7582,-37,54,47.994,312.7531592,-36.08666833
HD198542,20488-2706,F20488-2706,OME CAP,HR 7980,HD 198542,M0III,39.79,9.537,38.8,9.59,20 51 49.2910,-26 55 08.877,Variable star,20,51,49.291,-26,55,8.877,312.9553792,-25.0808675
HD199101,20518+3314,Z20518+3314,,HR 8005,HD 199101,K5III,8.75,2.182,9.17,2.26,20 53 53.8921,+33 26 16.408,Star in double system,20,53,53.8921,33,26,16.408,313.4745504,33.43789111
HD199345,20541-0953,F20541-0953,7 AQR,HR 8015,HD 199345,K5III,6.776,1.59,6.64,1.65,20 56 54.0278,-09 41 51.161,Variable star,20,56,54.0278,-9,41,51.161,314.2251158,-8.302455278
HD199642,20570-5356,F20570-5356,SAO 246824,,HD 199642,K5-M0III,5.262,1.301,5.24,1.36,21 00 43.4235,-53 44 20.653,Star,21,0,43.4235,-53,44,20.653,315.1809313,-52.26092972
HD199697,20560+2207,F20560+2207,33 VUL,HR 8032,HD 199697,K3.5III,6.835,1.744,6.84,1.74,20 58 16.3511,+22 19 33.267,Star,20,58,16.3511,22,19,33.267,314.5681296,22.3259075
HD200644,21020+0518,F21020+0518,3 EQU,HR 8066,HD 200644,K5III,8.778,2.296,8.68,2.27,21 04 34.6520,+05 30 10.302,Star in double system,21,4,34.652,5,30,10.302,316.1443833,5.502861667
HD200914,21041-2512,F21041-2512,24 CAP,HR 8080,HD 200914,M0.5III,29.32,7.275,28.5,7.48,21 07 07.6679,-25 00 21.072,Star in double system,21,7,7.6679,-25,0,21.072,316.7819496,-24.99414667
HD201298,21059+0647,F21060+0647,,HR 8090,HD 201298,K5III,8.118,2.007,8.11,2.1,21 08 28.1394,+06 59 21.689,Star,21,8,28.1394,6,59,21.689,317.1172475,6.989358056
HD201901,21103-2749,F21102-2749,,HR 8110,HD 201901,K3III,6.6,1.616,6.82,1.65,21 13 17.3323,-27 37 09.597,Star,21,13,17.3323,-27,37,9.597,318.3222179,-26.3806675
HD203399,21162+7648,F21162+7647,,HR 8168,HD 203399,K5III,5.539,1.404,5.66,1.41,21 15 42.4513,+77 00 44.266,Star,21,15,42.4513,77,0,44.266,318.9268804,77.01229611
HD203504,21197+1935,F21197+1935,1 PEG,HR 8173,HD 203504,K1III,10.17,2.284,9.82,2.28,21 22 05.1996,+19 48 16.229,Star in double system,21,22,5.1996,19,48,16.229,320.521665,19.80450806
HD205478,21360-7736,F21360-7737,NU OCT,HR 8254,HD 205478,K0III,11.68,2.723,11.4,2.62,21 41 28.6463,-77 23 24.167,Spectroscopic binary,21,41,28.6463,-77,23,24.167,325.3693596,-76.60995361
HD206445,21396+0103,F21396+0103,26 AQR,HR 8287,HD 206445,K2III,5.369,1.309,5.35,1.31,21 42 10.1119,+01 17 06.912,Star,21,42,10.1119,1,17,6.912,325.5421329,1.285253333
HD209688,22031-3947,F22031-3947,LAM GRU,HR 8411,HD 209688,K3III,12.41,2.992,11.7,2.95,22 06 06.8854,-39 32 36.072,Star,22,6,6.8854,-39,32,36.072,331.5286892,-38.45664667
HD211416,22150-6030,F22150-6030,ALP TUC,HR 8502,HD 211416,K3III,61.35,14.63,59.3,14.4,22 18 30.0941,-60 15 34.515,Spectroscopic binary,22,18,30.0941,-60,15,34.515,334.6253921,-59.7404125
HD213310,22274+4726,Z22274+4727,5 LAC,HR 8572,HD 213310,M0II+B8V,45.9,11.96,47.1,12.1,22 29 31.8222,+47 42 24.792,Double or multiple star,22,29,31.8222,47,42,24.792,337.3825925,47.70688667
HD214868,22383+4400,F22383+4400,11 LAC,HR 8632,HD 214868,K2.5III,11.36,2.868,11.3,2.96,22 40 30.8591,+44 16 34.698,Star,22,40,30.8591,44,16,34.698,340.1285796,44.276305
HD216032,22469-1351,F22469-1351,PI 2 AQR,HR 8679,HD 216032,M0III,38.26,9.491,38,9.24,22 49 35.5023,-13 35 33.475,Star in double system,22,49,35.5023,-13,35,33.475,342.3979263,-12.40736806
HD216149,22481-3925,F22481-3925,SAO 214134,HR 8685,HD 216149,M0III,6.32,1.617,6.22,1.61,22 51 02.1594,-39 09 24.601,Star,22,51,2.1594,-39,9,24.601,342.7589975,-38.84316639
HD216397,22497+4302,F22497+4302,15 LAC,HR 8699,HD 216397,M0III,16.31,4.054,16,3.97,22 52 02.0349,+43 18 44.702,Star in double system,22,52,2.0349,43,18,44.702,343.0084788,43.31241722
HD216446,22477+8253,F22477+8253,SAO 3794,HR 8702,HD 216446,K3III,8.28,2.016,8.24,2.03,22 47 29.0631,+83 09 13.789,Double or multiple star,22,47,29.0631,83,9,13.789,341.8710963,83.15383028
HD217902,23017-5414,F23017-5413,KAP GRU,HR 8774,HD 217902,K5III,8.361,2.047,8.58,2.02,23 04 39.6273,-53 57 53.659,Star,23,4,39.6273,-53,57,53.659,346.1651138,-52.03509472
HD218452,23053+4606,F23053+4606,4 AND,HR 8804,HD 218452,K5III,6.588,1.62,6.53,1.64,23 07 39.2676,+46 23 14.031,Star in double system,23,7,39.2676,46,23,14.031,346.913615,46.38723083
HD218670,23075-4531,F23075-4531,IOTA GRU,HR 8820,HD 218670,K1III,9.411,2.216,9.17,2.22,23 10 21.5377,-45 14 48.161,Spectroscopic binary,23,10,21.5377,-45,14,48.161,347.5897404,-44.75328861
HD219449,23132-0921,F23132-0921,PSI 1 AQR,HR 8841,HD 219449,K1-III,8.967,1.931,8.59,1.91,23 15 53.4947,-09 05 15.853,High proper-motion star,23,15,53.4947,-9,5,15.853,348.9728946,-8.912263056
HD219784,23161-3248,F23161-3248,GAM SCL,HR 8863,HD 219784,K1III,8.406,1.946,8.75,1.93,23 18 49.4404,-32 31 55.296,Star,23,18,49.4404,-32,31,55.296,349.7060017,-31.46797333
HD219981,23174+4148,F23174+4148,10 AND,HR 8876,HD 219981,M0III,5.712,1.467,5.51,1.4,23 19 52.4187,+42 04 40.959,Star,23,19,52.4187,42,4,40.959,349.9684113,42.07804417
HD220009,23177+0506,F23177+0506,7 PSC,HR 8878,HD 220009,K2III,7.355,1.578,7.24,1.68,23 20 20.5831,+05 22 52.706,Star,23,20,20.5831,5,22,52.706,350.0857629,5.381307222
HD220088,23183+3008,F23183+3008,63 PEG,HR 8882,HD 220088,M0III,8.074,1.977,7.87,1.86,23 20 49.5568,+30 24 53.716,Star,23,20,49.5568,30,24,53.716,350.2064867,30.41492111
HD220363,23205+1202,F23205+1202,66 PEG,HR 8893,HD 220363,K3III,6.931,1.55,7.14,1.56,23 23 04.5685,+12 18 50.077,Double or multiple star,23,23,4.5685,12,18,50.077,350.7690354,12.31391028
HD220440,23214-5209,F23214-5209,SAO 247858,HR 8898,HD 220440,M0III,8.377,1.958,8.46,2.08,23 24 13.2607,-51 53 28.227,Star,23,24,13.2607,-51,53,28.227,351.0552529,-50.10882583
HD220954,23254+0606,F23254+0606,THE PSC,HR 8916,HD 220954,K0.5III,8.098,1.92,8.14,2.07,23 27 58.0951,+06 22 44.372,Star,23,27,58.0951,6,22,44.372,351.9920629,6.378992222
HD221588,23305+4550,F23305+4550,,,HD 221588,M0III,8.885,2.265,8.73,2.31,23 32 56.4819,+46 07 25.253,Semi-regular pulsating star,23,32,56.4819,46,7,25.253,353.2353413,46.12368139
HD222404,23372+7721,F23372+7721,GAM CEP,HR 8974,HD 222404,K1III-IV,19.67,4.561,20.7,4.59,23 39 20.8490,+77 37 56.193,Variable star,23,39,20.849,77,37,56.193,354.8368708,77.63227583
HD224630,23568-2945,F23569-2945,,HR 9073,HD 224630,K5III,8.624,2.19,9.08,2.27,23 59 27.8964,-29 29 06.604,Variable star,23,59,27.8964,-29,29,6.604,359.866235,-28.51483222
HD224889,23590-7720,F23590-7720,THE OCT,HR 9084,HD 224889,K3III,8.222,1.966,8.65,2.04,00 01 35.7037,-77 03 56.608,Star,0,1,35.7037,-77,3,56.608,0.398765417,-76.93427556